id,domain,status,purchase_price,renewal_price,attractiveness,demand,length,registrar,created_at,expires_at,status_verified_at
465273b6-31bc-484f-872d-7afb8ce22799,chants.com,resell,,,high,low,6,"GoDaddy.com, LLC",06/02/1998 05:00,05/02/2028 05:00,26/09/2026 04:51
451a2198-3ba9-45f4-99d6-062650f7d48d,thymuses.com,available,,,medium,low,8,,,,
f2164c99-3e87-4844-acdd-5e6295a3527f,accumulatio.com,available,12.99,17.99,medium,low,11,name.com,,,
c042fb36-52c5-4d45-994d-550de1bee09c,troops.com,resell,,,high,low,6,"GoDaddy.com, LLC",13/01/1998 05:00,12/01/2027 05:00,26/09/2026 09:46
0a1b7931-13c8-42e7-ae8c-bd4c10e72c7f,lento.com,resell,,,medium,low,5,"GoDaddy.com, LLC",03/05/2002 05:25,03/05/2029 05:25,26/09/2026 07:12
376b1f55-5142-4f5f-9f21-3bf58d4299f8,alternatim.com,available,,,medium,low,10,,,,
f880492e-777b-4159-85bf-458cf31dd1b2,hectolitre.com,resell,,,high,high,10,"GoDaddy.com, LLC",26/07/2023 19:02,26/07/2027 19:02,26/09/2026 06:37
fcc404ff-7fe5-4039-8599-e13f1beef63b,rapierlike.com,available,,,high,high,10,,,,
0a674c88-0b33-48d4-8c94-78a2f9f0a10a,sharper.com,resell,,,high,high,7,"GoDaddy.com, LLC",07/08/1995 04:00,06/08/2027 04:00,26/09/2026 08:58
06f17c5e-7191-4dd1-8eb9-f5f1aebcbaa2,concorde.com,resell,,,high,medium,8,Atom.com Domains LLC,30/09/1993 04:00,29/09/2027 04:00,26/09/2026 05:10
04f98307-f834-4cdf-8cb5-100710c37bc6,faithless.com,premium,29553.28,19.99,medium,low,9,"Spaceship, Inc.",23/12/1996 05:00,22/12/2027 05:00,17/08/2026 21:14
8e660a8d-16c0-4a03-832f-8b2b880b9042,liberate.com,resell,1149999.99,19.99,high,low,8,Atom.com Domains LLC,19/04/1999 04:00,17/01/2028 17:37,26/09/2026 07:13
128eb35b-a4fa-435e-be3d-c28e14ee1ee4,titleless.com,resell,,,high,high,9,"GoDaddy.com, LLC",29/11/2010 20:09,29/11/2026 20:09,26/09/2026 09:39
071f980d-d458-4f44-8e11-292edd3a4db7,troubling.com,resell,,,medium,low,9,"GoDaddy.com, LLC",19/01/2000 20:32,19/01/2033 20:32,26/09/2026 09:46
b77b6fe8-c08f-43d3-9a21-1a2eb1d5b8af,triviality.com,resell,,,high,high,10,"Spaceship, Inc.",15/01/2004 19:23,15/01/2028 19:23,26/09/2026 09:46
a265cd70-a8f8-4abc-b453-d8de1fc43ca0,quatern.com,resell,,,medium,low,7,"GoDaddy.com, LLC",29/07/2007 18:22,29/07/2029 18:22,26/09/2026 08:26
bf9fbab9-d9a0-4b6f-afec-969cd77cc9ad,sizzle.com,resell,,,high,high,6,"NameCheap, Inc.",26/04/1995 04:00,27/04/2027 04:00,26/09/2026 09:03
7f469b3c-d28f-484a-bb00-70e425230bcc,squishy.com,resell,,,medium,low,7,PDR Ltd. d/b/a PublicDomainRegistry.com,07/01/2003 07:12,07/01/2027 07:12,26/09/2026 09:15
f6f70f18-2038-4521-a74d-7e1cbec4b4d4,weycroft.com,resell,,,high,high,8,"TurnCommerce, Inc. DBA NameBright.com",05/04/2014 18:18,05/04/2027 18:18,26/09/2026 10:07
38e11be2-f640-46fa-b6dc-685cac7dae62,possession.com,resell,,,high,low,10,"eNom, LLC",27/03/1998 05:00,26/03/2027 04:00,26/09/2026 08:16
5db5c62b-05ed-4fea-8ca3-5a73e3d6fd96,weyewa.com,available,,,high,high,6,,,,
3b48c6c2-e218-4c37-b291-27e2dd83c349,englishmen.com,resell,,,high,medium,10,GoDaddy Online Services Cayman Islands Ltd.,26/01/1999 05:00,26/01/2027 05:00,26/09/2026 05:51
8951bea5-0353-427d-a3dd-76f9b9fb047e,greenness.com,resell,,,medium,low,9,"GoDaddy.com, LLC",17/04/2019 18:33,17/04/2027 18:33,26/09/2026 06:29
effd7192-f8c8-4554-b165-ce086ead93a1,excursive.com,resell,,,medium,low,9,Dynadot Inc,13/06/2024 18:18,13/06/2027 18:18,26/09/2026 05:56
e9781dd9-5a3b-4817-b150-352b10e52ad9,varves.com,resell,,,low,low,6,"GoDaddy.com, LLC",20/12/2000 17:39,20/12/2026 17:39,26/09/2026 09:56
4eed316f-3d4a-4c2b-a83a-e01f4955f9df,descendants.com,resell,,,high,high,11,"Sea Wasp, LLC",30/07/1997 04:00,29/07/2027 04:00,26/09/2026 05:30
20da2993-dd80-45b2-a010-cc8bcc25cd29,bavarian.com,resell,,,medium,low,8,"Sea Wasp, LLC",16/12/1996 05:00,15/12/2026 05:00,26/09/2026 04:18
ca99a318-28dc-49ff-9a11-a4c710285752,highhandedness.com,available,,,high,high,15,,,,
c18a5fbe-00f1-4220-980c-2774b33d56bc,necromanceress.com,available,,,high,high,14,,,,
ac389f0f-47d6-4ad4-8897-d82b9d7ab8d5,jamie.com,resell,,,high,low,5,"GoDaddy.com, LLC",17/06/1996 04:00,16/06/2029 04:00,26/09/2026 06:59
3d3a1b4d-bbe5-40b9-a2d1-89df7c4f0789,acidolysis.com,available,12.99,17.99,high,high,10,name.com,,,
15e0bc14-6dec-447b-be48-603a592563a7,histrion.com,resell,,,medium,low,8,"NameSilo, LLC",07/02/2004 19:17,07/02/2027 19:17,26/09/2026 06:40
070811f7-3215-422d-af48-9cdd52231041,singaporeanize.com,available,,,high,high,14,,,,
ad051208-a53c-4aaa-b271-c1eeb05d996f,shagged.com,resell,,,medium,low,7,"GoDaddy.com, LLC",15/06/1998 04:00,14/06/2027 04:00,26/09/2026 08:57
e6b1c78f-8653-4a50-8e9f-51ad5dd08043,medalists.com,resell,,,medium,low,9,Dynadot Inc,13/04/2004 18:34,13/04/2027 18:34,26/09/2026 07:29
33a4834a-9098-487f-9a06-66912d8ad8a4,upended.com,resell,,,medium,low,7,"GoDaddy.com, LLC",07/08/2003 17:47,07/08/2027 17:47,26/09/2026 09:53
5eaebda9-cfda-4e62-bfc5-64ae6bf6f726,rephotograph.com,resell,,,high,high,12,"GoDaddy.com, LLC",02/12/2002 15:27,17/12/2026 04:59,26/09/2026 08:36
16e3b991-3cd3-4101-85cf-d0e38c24e33f,anniston.com,resell,,,high,high,8,"GoDaddy.com, LLC",20/09/1996 04:00,19/09/2027 04:00,26/09/2026 03:53
9f1b1978-a8b7-4587-a5e5-9f44b041119c,scythelike.com,available,,,high,high,10,,,,
58e2674c-ca63-441c-bf59-25596868451f,achy.com,resell,57385,19.99,medium,low,4,Dynadot Inc,26/01/1999 05:00,26/01/2027 05:00,26/09/2026 01:20
4645e8ed-08fa-4cdf-a4c3-d96cb861254d,eulogizers.com,available,,,low,low,10,,,,
4e61e286-2200-4553-9440-3096306e6ce7,novorolsky.com,available,,,high,high,10,,,,
eed5a533-3d78-42d8-a3da-147af218e693,abiliments.com,available,12.99,19.99,low,low,10,name.com,,,
70d0721c-2c4a-4da2-969e-9cb2abf47f7b,longsleeved.com,available,,,high,high,11,,,,
19d99326-585e-40e5-8ad0-d0c2fb02458e,stations.com,resell,,,high,low,8,Dynadot Inc,07/08/1998 04:00,06/08/2027 04:00,26/09/2026 09:17
fd75d35e-6846-4832-8058-6bb72edc47cf,acinetiform.com,available,12.99,17.99,medium,low,11,name.com,,,
7d9a04a6-fc72-4056-ab40-b62f4fba64b2,sinkant.com,available,,,high,high,7,,,,
0819226b-7f13-4a4d-a8fb-fdfd08c6ae2b,ottawahull.com,available,,,high,high,11,,,,
bb623f9c-4e64-45b4-a4f6-11049969aa7e,provisory.com,resell,,,medium,low,9,"Inames Co., Ltd.",15/04/2010 18:41,15/04/2027 18:41,26/09/2026 08:24
6e8a412f-5952-4375-9cd2-fde7fb768bd6,hated.com,resell,,,medium,low,5,Rabbitsfoot.com LLC d/b/a Oxygen.nyc,07/12/1999 05:13,07/12/2026 05:13,26/09/2026 06:35
d326a200-8329-4562-9674-44193a778fc6,brutish.com,resell,,,low,low,7,"Sea Wasp, LLC",23/01/2003 15:40,23/01/2027 15:40,26/09/2026 04:38
73a6b05d-85e5-445c-9601-fbbd2756dde1,thundery.com,resell,,,medium,low,8,"Spaceship, Inc.",18/01/2012 19:30,18/01/2027 19:30,26/09/2026 09:37
4abcd5dc-fe07-4565-a68f-5cb0fb369396,handygripes.com,available,,,medium,low,11,,,,
f2f9b880-36e9-4010-9d7d-38ca1fabb088,manuals.com,resell,,,medium,low,7,"GoDaddy.com, LLC",05/01/1996 05:00,04/01/2033 05:00,26/09/2026 07:25
3fc25bed-48c1-4f26-b5a7-e823b7ef96fb,semiabstract.com,resell,,,high,high,12,"GoDaddy.com, LLC",09/01/2017 00:55,09/01/2027 00:55,26/09/2026 08:54
3f771261-f9a8-4575-b752-7d2f95b52f68,unharness.com,resell,,,high,high,9,Porkbun LLC,31/07/2000 19:46,31/07/2027 19:46,26/09/2026 09:51
b38bf424-d218-4aa9-9498-11cb6fc57bd1,stewpot.com,resell,,,high,high,7,"GoDaddy.com, LLC",11/01/2000 04:23,11/01/2027 04:23,26/09/2026 09:18
e867d072-958c-4d9f-9bd3-ee1b35852104,brain.com,resell,,,high,medium,5,"GoDaddy Corporate Domains, LLC",05/03/1999 05:00,05/03/2027 05:00,26/09/2026 04:35
f1dd64a9-4855-4a62-9193-066003b24f77,ampulla.com,resell,,,medium,low,7,"NameSilo, LLC",18/05/2002 22:32,18/05/2027 22:32,26/09/2026 03:51
1e36ccb4-8216-403b-8008-5a719b76b7d5,grassington.com,resell,,,high,high,11,NameCamp Limited,27/12/2000 11:45,27/12/2026 11:45,26/09/2026 06:28
49a0c85c-3f5a-492f-9b01-e534eb88a1f0,nursed.com,resell,,,medium,low,6,"NameCheap, Inc.",20/05/1999 07:14,20/05/2027 07:13,26/09/2026 07:50
80526971-9647-49e4-aea7-2b08a7b3a702,proliferates.com,resell,,,medium,low,12,Dynadot Inc,07/01/2015 09:46,07/01/2027 09:46,26/09/2026 08:22
74ac0947-0bc0-4183-bd5c-1d9db763226d,crystallochemistry.com,available,,,high,high,18,,,,
e22de697-a2af-4442-a6f0-a6847344dd0b,gelatines.com,premium,,,low,low,9,Annulet LLC,29/02/2008 19:35,28/02/2026 19:35,
6739fd29-453c-4be0-9efc-e4919e19a490,mellowly.com,resell,,,medium,low,8,"GoDaddy.com, LLC",18/09/2005 03:33,18/09/2027 03:33,26/09/2026 07:30
d996f6ea-aa7a-4065-ac0a-dd94e2254600,fascinate.com,resell,,,high,low,9,Dynadot Inc,22/11/1999 12:06,22/11/2026 12:06,26/09/2026 06:01
7cf35d86-f331-4f61-8d65-939e8e021a1f,counterchanged.com,available,,,high,high,14,,,,
49287208-5b68-4205-95af-8b34414b8cb6,operational.com,resell,,,high,low,11,,,,28/09/2026 07:11
01d31a8e-8ab0-4a1b-b330-d71fd2cf1c3b,beroe.com,resell,,,medium,low,5,"GoDaddy.com, LLC",05/05/2002 19:37,05/05/2027 19:37,26/09/2026 04:22
0aa4544f-cd82-42de-9cbe-d583ed6765a9,anhinga.com,resell,,,medium,low,7,GoDaddy Online Services Cayman Islands Ltd.,23/05/1998 04:00,22/05/2027 04:00,26/09/2026 03:53
ae958c5e-ac17-40ae-be81-18e59fe2a2e1,constancy.com,resell,,,high,low,9,"GoDaddy.com, LLC",04/05/2009 18:07,04/05/2032 18:07,26/09/2026 05:12
b51d4988-c541-407a-9088-ae98b6bdb7ab,tristed.com,available,,,medium,low,7,,,,
5626e40b-4e4e-47e2-9666-4c52672367dd,encounters.com,resell,,,medium,low,10,"NameCheap, Inc.",20/05/1997 04:00,21/05/2027 04:00,26/09/2026 05:50
32a21a75-73fb-43d0-95d5-ba4c77a5679d,antennae.com,resell,,,high,high,8,"GoDaddy.com, LLC",20/11/2004 19:07,16/07/2027 03:59,26/09/2026 03:54
2407d984-e51c-456f-bcc2-024c659bbea7,nonoccurrence.com,available,,,high,high,13,,,,
45deac74-912b-4ab1-ac3c-c45f32ec2380,casehardens.com,available,,,low,low,11,,,,
d00f9834-452f-4588-9828-0be4e756d1b3,pocketed.com,resell,,,high,low,8,"Name.com, Inc.",14/04/2003 12:03,14/04/2027 12:03,26/09/2026 08:13
6caf4fcc-5c05-4edc-b6c7-640f8b7870c1,activewear.com,resell,1149998.85,17.99,high,low,10,"GoDaddy.com, LLC",06/08/1995 04:00,05/08/2030 04:00,26/09/2026 01:21
6fea256f-fc83-4bab-a690-1e861b955c88,quantize.com,resell,,,high,high,8,"GoDaddy.com, LLC",14/07/2005 18:08,14/07/2027 18:08,26/09/2026 08:26
77e57846-7e81-484c-a8fe-8041ec9601fd,transcript.com,resell,,,high,low,10,"GoDaddy.com, LLC",22/08/1994 04:00,21/08/2027 04:00,26/09/2026 09:44
47d657ea-c6dc-4b0d-b99b-039137bb09b8,stannergate.com,available,,,high,high,11,,,,
60b40223-9519-4b0b-80a3-ccbb2f95bf1a,arrowheaded.com,available,,,high,high,11,,,,
8c5de372-e205-4448-b190-3333482688dc,hashflag.com,resell,,,high,high,8,"GoDaddy.com, LLC",27/07/2013 19:19,27/07/2027 19:19,26/09/2026 06:35
05e3b25e-6e1b-45ad-b035-29437b84b370,idiopathic.com,resell,,,medium,low,10,"GoDaddy.com, LLC",08/03/2000 19:10,08/03/2027 19:10,26/09/2026 06:47
861be0bf-4c41-4758-bd14-080da21467cd,moldovan.com,resell,,,high,low,8,"GoDaddy.com, LLC",04/07/1997 04:00,03/07/2027 04:00,26/09/2026 07:36
9103b469-3fce-404f-aaeb-29be6123e5e3,fungibility.com,resell,,,high,low,11,"GoDaddy.com, LLC",15/07/2004 21:01,15/07/2027 21:01,26/09/2026 06:17
37e75f4d-170a-48d4-8318-83c51e879e2b,cononie.com,available,16.98,,high,high,7,namecheap,,,
bbdbf12c-47a6-4c60-b941-d6511666331c,subsistence.com,resell,,,high,low,11,"Domain.com - Network Solutions, LLC",08/02/2000 12:04,08/02/2027 12:04,26/09/2026 09:23
4ccf9968-11cd-493c-8a0f-475a10a6200e,propellers.com,resell,,,high,low,10,GoDaddy Online Services Cayman Islands Ltd.,24/11/1999 11:42,24/11/2027 11:42,26/09/2026 08:22
45814587-496e-4146-9543-815a1db3ca2d,jitney.com,resell,,,medium,low,6,"GoDaddy.com, LLC",19/06/2004 18:34,19/06/2027 18:34,26/09/2026 07:00
c1c23067-3f37-40c7-b872-291d0f435536,frg.com,resell,,,high,high,3,"Sea Wasp, LLC",25/06/1997 04:00,24/06/2031 04:00,26/09/2026 06:15
daa97dbd-cf70-4c4b-aa58-3969432d6dcf,bridgework.com,resell,,,high,high,10,Realtime Register B.V.,28/02/2000 16:46,28/02/2027 16:46,26/09/2026 04:37
5cde0a2e-8d25-4821-801a-d44ec058ce2e,novoslav.com,available,,,high,high,8,,,,
03c80b54-0c45-465c-b83c-c05ff40b27ed,jamesian.com,resell,,,medium,low,8,"GoDaddy.com, LLC",26/03/2007 02:55,26/03/2027 02:55,26/09/2026 06:59
cec4634a-4702-4a06-9676-d0c48d2fe3ce,selectiveness.com,premium,,,medium,low,13,Annulet LLC,15/05/2013 18:44,15/05/2026 18:44,
c2f5b773-b796-4221-bc7a-78f5b7985876,eateries.com,resell,,,high,low,8,"NameSilo, LLC",21/05/1997 04:00,22/05/2027 04:00,26/09/2026 05:44
2aadd51d-26ec-401f-9bfd-51a338811636,scrubwoman.com,available,,,high,high,10,,,,
4d2c5286-9824-4d65-a637-4d934eb472ca,straw.com,resell,,,high,low,5,"GoDaddy.com, LLC",01/12/1995 05:00,30/11/2029 05:00,26/09/2026 09:20
fae0340a-8f87-4e88-b717-1f9a4c75b16c,cosponsor.com,resell,,,high,high,9,"GoDaddy.com, LLC",21/03/2000 11:54,21/03/2027 10:54,26/09/2026 05:16
9740cb5a-63c0-4396-a1b1-1a7292e9eedb,beldam.com,resell,,,medium,low,6,"GoDaddy.com, LLC",26/11/2002 20:38,26/11/2026 20:38,26/09/2026 04:21
b72f1f35-cca2-4c8f-a17e-233230f283fc,terminating.com,resell,,,medium,low,11,"GoDaddy.com, LLC",22/04/1999 04:00,22/04/2027 04:00,26/09/2026 09:34
b6dae828-db25-4475-bf0e-1afe6d010f6d,terminuses.com,available,,,low,low,10,,,,
b3ff94f6-ca32-4637-9cbe-06f4ed6a383f,betwixt.com,resell,,,medium,low,7,"GoDaddy.com, LLC",14/05/2002 07:00,14/05/2027 07:00,26/09/2026 04:23
65db91c2-2498-4f55-ba9f-215282496795,wears.com,resell,,,medium,low,5,GoDaddy Online Services Cayman Islands Ltd.,03/04/2002 19:28,03/04/2027 18:28,26/09/2026 10:05
a02b4149-eccc-472d-a46e-357118a3d665,ways.com,resell,,,high,low,4,"eNom, LLC",13/05/1999 13:29,13/05/2031 13:29,26/09/2026 10:05
89f56ffc-deb5-4f7f-ba1a-9ddc22740477,undershirt.com,resell,,,high,high,10,"GoDaddy.com, LLC",01/09/1997 04:00,31/08/2027 04:00,26/09/2026 09:51
1e1be34a-c7d7-4c6a-9000-82f81517ccb3,weds.com,resell,,,high,high,4,"GoDaddy.com, LLC",22/04/1998 04:00,21/04/2027 04:00,26/09/2026 10:06
5ff41bd9-e0bd-4d75-a422-19964082fa6d,absolutizing.com,available,12.99,17.99,low,low,12,name.com,,,
048a3ce6-ae2a-46d7-8546-7b0c24f59513,pigboat.com,resell,,,medium,low,7,"GoDaddy.com, LLC",14/06/2021 18:30,14/06/2027 18:30,26/09/2026 08:09
c66bd4e2-6e01-4f52-a56d-9f2f81115745,hygienise.com,resell,,,high,high,9,Realtime Register B.V.,09/06/2019 11:21,09/06/2027 11:21,26/09/2026 06:46
ec840fc6-e39e-47c7-9657-1fec5687ad64,acidotoxicity.com,available,12.99,17.99,high,high,13,name.com,,,
e7ff3cbd-d7f3-4e48-8057-7d49b8bfea47,cocotte.com,resell,,,medium,low,7,"GoDaddy.com, LLC",09/06/1998 04:00,08/06/2027 04:00,26/09/2026 05:04
a9c81673-22be-40df-a4c4-be31c9da5ed2,lustrous.com,resell,,,high,low,8,Dynadot Inc,09/08/2000 11:07,09/08/2027 11:07,26/09/2026 07:21
8e897404-e5ca-4f9d-9dc2-4b9ae54a1776,pigeons.com,resell,,,medium,low,7,"GoDaddy.com, LLC",07/01/1999 05:00,07/01/2027 05:00,26/09/2026 08:09
69a38bc4-6d4e-4ee6-afa7-e7dcfaf43c50,shown.com,resell,,,medium,low,5,,,,27/09/2026 08:00
4207991e-3bf2-4c9b-b02b-2088d3a47003,unisfa.com,available,,,high,high,6,,,,
dc729f55-5425-4275-9b7c-119f1e6439c3,keratinize.com,available,,,high,high,10,,,,
00a14960-abf8-45b1-bf6a-026ca17da3a1,orde.com,resell,,,high,high,4,"GoDaddy.com, LLC",28/07/1995 04:00,27/07/2027 04:00,26/09/2026 07:56
31ad7c52-9f27-434d-ae57-6c9aacb2cfc1,chieftesses.com,available,11.28,18.48,low,low,11,namecheap,,,25/09/2026 09:04
45de1662-dc50-4f43-b9dc-83f5e5f81489,aflame.com,resell,,,medium,low,6,GoDaddy Online Services Cayman Islands Ltd.,07/11/1996 05:00,06/11/2027 04:00,26/09/2026 01:25
ac7a1a29-ef0d-409b-8b70-81217133d10b,darbhanga.com,resell,,,high,high,9,"GoDaddy.com, LLC",28/12/2001 22:51,28/12/2027 22:51,26/09/2026 05:25
af87267e-eeb1-4ed9-b939-7726241dc68f,barometer.com,resell,,,high,low,9,"GoDaddy.com, LLC",21/10/1997 04:00,20/10/2030 04:00,26/09/2026 04:16
549fc80b-75b7-4ed3-b8cf-532ad1cffe4c,phrasemaking.com,available,,,high,low,12,,,,
91d942e3-a207-40b4-a3e4-28d3b8bc7d29,teinoscope.com,available,,,high,high,10,,,,
b6f14b50-9cf2-4575-b0cd-0e7950abd5d5,nonblasphemous.com,available,,,low,low,14,,,,
6190e3db-1a20-4ebc-a58d-a8f07294199e,upc.com,resell,,,high,low,3,"GoDaddy Corporate Domains, LLC",28/02/1995 05:00,01/03/2027 05:00,26/09/2026 09:53
6a09b3df-8d62-42f8-89bc-54e6feb0d1b3,metrically.com,resell,,,medium,low,10,"Spaceship, Inc.",11/11/2013 01:05,11/11/2028 01:05,26/09/2026 07:32
b6619514-b1db-4ae4-b2a4-3932ebbaf195,kongfuze.com,available,12.99,17.99,high,high,8,name.com,,,
4d04744f-3c01-4336-a40f-464afd6160d9,vegetal.com,resell,,,medium,low,7,"GoDaddy.com, LLC",20/02/1998 05:00,19/02/2029 05:00,26/09/2026 09:57
c5e7cc46-d86e-4009-9e84-b3c7684b2369,artistically.com,resell,,,high,medium,12,Atom.com Domains LLC,11/12/1999 21:55,11/12/2027 21:55,26/09/2026 04:03
952474a7-7fbf-41b6-ace6-6e8faeffbb1b,autofocus.com,resell,,,high,low,9,GoDaddy Online Services Cayman Islands Ltd.,19/04/1996 04:00,20/04/2027 04:00,26/09/2026 04:09
1e78db8f-9864-484e-a007-72815a830b46,invocational.com,available,,,medium,low,12,,,,
9c951b29-1af8-491a-be18-e33c240ee34d,nuclear.com,resell,,,high,low,7,"NameCheap, Inc.",08/09/1994 04:00,07/09/2027 04:00,26/09/2026 07:49
c41921f7-fcba-4553-a3bc-51416ba79a75,enlarger.com,resell,,,high,high,8,"GoDaddy.com, LLC",26/03/2002 21:54,26/03/2030 20:54,26/09/2026 05:51
7e9e74c5-645f-47b6-af53-a77806a8dd2a,authoriser.com,resell,,,medium,low,10,"Spaceship, Inc.",21/02/2013 19:08,21/02/2027 19:08,26/09/2026 04:09
7678074c-5a60-4485-9ce3-e938868c4ca2,tortillas.com,resell,,,high,medium,9,Dynadot Inc,12/10/1998 04:00,11/10/2035 04:00,26/09/2026 09:41
5c10acdf-5add-44d9-95f1-4518ad371703,rhodonite.com,resell,,,high,high,9,"NameSilo, LLC",15/11/2002 08:22,15/11/2026 08:22,26/09/2026 08:40
eeca83aa-f2bb-4075-85c3-0be7bcb51bab,bulbless.com,resell,,,high,high,8,"TurnCommerce, Inc. DBA NameBright.com",24/01/2009 18:00,24/01/2027 18:00,26/09/2026 04:40
5ec66767-52be-45c7-af43-490d3048d726,answerphones.com,premium,,,low,low,12,Annulet LLC,25/02/2000 21:07,25/02/2026 21:07,
1e3184a7-de53-41f2-bef1-6bf97b79d2db,utilitarianly.com,available,,,high,high,13,,,,
1919e9aa-da43-4b47-8ba4-bfef56bce549,raccoons.com,resell,,,high,medium,8,Alibaba Cloud Computing Ltd. d/b/a HiChina (www.net.cn),25/04/1997 04:00,26/04/2032 04:00,26/09/2026 08:27
543a407a-2265-4bab-bc62-ccba646d6742,sinkroom.com,available,,,high,high,8,,,,
73352718-2e6b-4aae-b6f1-85ac75c0ca48,msrp.com,resell,,,high,high,4,GoDaddy Online Services Cayman Islands Ltd.,18/07/1998 04:00,17/07/2027 04:00,26/09/2026 07:40
135d8a38-21c9-44fe-beae-28d29c60e075,issued.com,resell,,,medium,low,6,,,,28/09/2026 08:22
7d94e414-fe02-4036-b9a8-7da21f687320,conceive.com,resell,,,high,high,8,"GoDaddy.com, LLC",12/02/1996 05:00,13/02/2034 05:00,26/09/2026 05:10
a5530817-b22f-4a57-82c8-2c188fa8495c,darned.com,premium,11949.24,19.99,medium,low,6,Annulet LLC,23/03/2003 19:18,23/03/2027 18:18,10/08/2026 12:41
01fbeeb6-7aeb-46da-afe3-87e01744a774,yuck.com,resell,,,medium,low,4,"GoDaddy.com, LLC",29/05/1997 04:00,28/05/2027 04:00,26/09/2026 10:16
2711c955-c9e2-4a97-b584-95e6bce07fb4,alterableness.com,available,,,medium,low,13,,,,
4a7c131e-59ee-426f-b546-480c7bc5ab2b,overseen.com,resell,,,high,high,8,"NameSilo, LLC",22/07/2002 15:25,22/07/2027 15:25,26/09/2026 07:58
644bec51-93ba-482a-8599-a90c65ac335b,explicitness.com,resell,,,high,low,12,"GoDaddy.com, LLC",05/08/2010 19:55,05/08/2027 19:55,26/09/2026 05:57
60d47aaa-d5c3-484a-8112-4bdb8a33fb77,kindly.com,resell,,,high,low,6,"GoDaddy.com, LLC",24/09/1998 04:00,23/09/2027 04:00,26/09/2026 07:05
fd5eb87a-fd8b-4d14-bdc7-104790ae2fbb,yob.com,resell,,,medium,low,3,"GoDaddy.com, LLC",07/01/1994 05:00,06/01/2028 05:00,26/09/2026 10:16
32c9d4af-8cff-454c-a8d8-a4b546e6e669,laconically.com,resell,,,high,high,11,"GoDaddy.com, LLC",12/05/2006 20:16,12/05/2027 20:16,26/09/2026 07:07
c47bb3ef-1031-4b6d-8e95-39862542f201,allosaurus.com,resell,,,medium,low,10,"Spaceship, Inc.",05/10/1999 09:01,05/10/2027 09:01,26/09/2026 03:48
42e43496-a268-4367-8d46-fc8249e34603,rotation.com,resell,,,high,low,8,"GoDaddy.com, LLC",03/01/1996 05:00,21/08/2033 03:59,26/09/2026 08:44
d33e81af-71b0-43a8-ab4d-2efbed7a468c,nps.com,resell,,,high,low,3,Atom.com Domains LLC,15/06/1994 04:00,14/06/2027 04:00,28/09/2026 16:21
6a4e4c76-26fd-4f53-8c29-78a225dc0701,nib.com,resell,,,high,high,3,Atom.com Domains LLC,24/04/1995 04:00,25/04/2027 04:00,26/09/2026 07:46
f65f73ea-af6e-4303-910a-0ab99c3e1820,slit.com,resell,,,high,medium,4,"CSC Corporate Domains, Inc.",08/08/1996 04:00,07/08/2027 04:00,26/09/2026 09:05
88c027b6-ae6b-4414-95f1-749922fdf2e6,rubicund.com,resell,,,high,medium,8,"GoDaddy.com, LLC",29/10/2020 18:06,29/10/2027 18:06,26/09/2026 08:45
f9f62ab8-3ce4-4be4-8f75-7f8df915c630,adenotomy.com,available,,,high,high,9,,,,
e72ca891-3826-4f01-ba21-eb26c37e488f,noncurrent.com,resell,,,medium,low,10,"GoDaddy.com, LLC",19/03/2006 09:30,19/03/2027 08:30,26/09/2026 07:48
9bde01b8-8697-4098-8678-f80c051275d9,lightheartedness.com,resell,,,high,low,16,"eNom, LLC",07/08/2001 22:05,07/08/2027 22:05,26/09/2026 07:14
d9f8de7a-a03e-4299-acc8-2ac7f1b38a6d,rachet.com,resell,,,high,high,6,Global Village GmbH,14/04/1999 04:00,14/04/2027 04:00,26/09/2026 08:28
27dddeea-f640-4b2e-95be-1cca83cc7cb5,gossipers.com,resell,,,low,low,9,"GoDaddy.com, LLC",17/03/2000 06:19,17/03/2027 05:19,26/09/2026 06:27
2b150726-0b3f-480b-9ef3-e68c84701f6a,descendant.com,resell,,,high,low,10,Atom.com Domains LLC,04/07/1997 04:00,11/12/2027 11:59,26/09/2026 05:30
08087a20-69f8-46eb-94e1-6f35e1da757e,chiku.com,resell,,,high,high,5,"GoDaddy.com, LLC",15/11/2001 20:38,15/11/2026 20:38,26/09/2026 04:54
b9e3e69b-77e4-4755-bf41-9629919b3469,steelmaking.com,resell,,,high,low,12,Dynadot Inc,16/07/2001 10:34,16/07/2027 10:34,26/09/2026 09:17
44c64bcf-f4e7-4da6-8213-fbb29789ab24,apprenticelike.com,available,,,high,high,14,,,,
f47847d2-23f9-4250-8f48-d04df76544da,fractional.com,resell,,,high,low,10,Dynadot Inc,26/02/2000 11:44,26/02/2027 11:44,26/09/2026 06:13
6521bc5f-11c8-4cac-b16b-4197c1dfbbf6,geraniums.com,resell,,,medium,low,9,"GoDaddy.com, LLC",21/07/1997 04:00,20/07/2027 04:00,26/09/2026 06:22
5e8b3939-9950-41a6-ad41-34236898cdcb,tubal.com,resell,,,medium,low,5,Dot Holding Inc.,20/10/1998 04:00,19/10/2027 04:00,26/09/2026 09:47
df6f3099-8a82-4797-8592-a1793a5e7dc4,courtiers.com,resell,,,medium,low,9,"Gabia, Inc.",13/04/2004 18:18,13/04/2028 18:18,26/09/2026 05:17
5d27ba56-7c27-47c5-8d8b-049247130399,moneyhatting.com,available,,,high,high,12,,,,
783cf1a0-e366-48ee-b3d1-7cf3e0178ee8,settings.com,resell,,,medium,low,8,GoDaddy Online Services Cayman Islands Ltd.,06/03/2000 12:03,06/03/2027 12:03,26/09/2026 08:56
942d1cf1-e2d7-4f3a-8e19-2e1691d6fc3e,brickie.com,resell,,,high,high,7,"GoDaddy.com, LLC",22/04/2003 18:08,22/04/2027 18:08,26/09/2026 04:36
549fcbe0-5fb1-42bf-ad52-d013fd2f6dbe,chickpea.com,resell,,,high,low,8,"Network Solutions, LLC",14/02/2001 11:49,14/02/2027 11:49,26/09/2026 04:54
85f58191-01b8-4dfa-8421-93a52b90da61,crystalliferous.com,available,12.99,19.99,high,high,15,name.com,,,
b43be366-b91f-43d9-a6ee-aa6d52e70c91,believableness.com,available,,,medium,low,14,,,,
271f281e-1033-4745-9629-1897dac86eb3,selfevidently.com,available,,,high,high,14,,,,
74f53f84-aedd-4e47-b0c4-e8a493e3f0f9,stoolmaking.com,available,,,medium,low,11,,,,
d83eeee9-0dcc-45b8-8aae-4978f12b3075,protoheme.com,available,,,high,high,9,,,,
b9d915b1-70f1-48a4-85ab-a760dd00bed7,butyronitrile.com,available,,,medium,low,13,,,,
5cfe2eb2-5199-4683-b141-0a744239bcef,absorbing.com,resell,,,high,low,9,Atom.com Domains LLC,15/11/2001 18:12,15/11/2027 18:12,26/09/2026 01:19
b5de5278-029b-4fd9-8496-60626288852c,tamed.com,resell,,,high,low,5,Unstoppable Domains Inc.,08/03/2000 03:45,08/03/2027 03:45,26/09/2026 09:30
0f8ea706-f3d5-4743-bbbd-3159d17055d2,muskie.com,resell,,,high,high,6,"GoDaddy.com, LLC",21/08/1997 04:00,20/08/2027 04:00,26/09/2026 07:41
8368d5eb-f293-45ff-b315-6bc50ac6ce36,brimless.com,resell,,,medium,low,8,"TurnCommerce, Inc. DBA NameBright.com",19/05/2004 02:36,19/05/2027 02:36,26/09/2026 04:37
4e0803dd-2f9f-4ac3-8b31-389437d5a4d3,mouthwateringly.com,resell,,,high,high,15,"GoDaddy.com, LLC",13/02/2021 15:21,13/02/2027 15:21,26/09/2026 07:40
a87bfeaa-5c0e-48c9-a33d-539bd3821e38,gar.com,resell,,,medium,low,3,"GoDaddy.com, LLC",13/12/1993 05:00,12/12/2026 05:00,26/09/2026 06:19
832ca595-0f6a-4df9-aaaa-743999853890,dead.com,resell,,,high,low,4,"NameCheap, Inc.",25/03/1998 05:00,24/03/2031 04:00,26/09/2026 05:26
d26e6374-99ae-4d45-81f9-d85d6a95cb67,adorables.com,resell,,,high,low,9,"GoDaddy.com, LLC",14/09/2003 18:01,14/09/2027 18:01,26/09/2026 01:23
4e0216fe-bd05-4324-8932-67bdc14afe82,seminal.com,resell,,,high,low,7,"GoDaddy.com, LLC",19/01/2000 19:23,19/01/2028 19:23,26/09/2026 08:55
c1fe2ae0-9bcf-483f-bf85-b574ece9adae,noncontrolled.com,available,,,medium,low,14,,,,
d984269f-555f-473b-97cc-ccfb6e821bba,flamboyance.com,resell,,,high,low,11,"TurnCommerce, Inc. DBA NameBright.com",15/09/1998 04:00,14/09/2027 04:00,26/09/2026 06:07
83ca6597-2aea-4647-a4fd-a63561b3241d,merciful.com,premium,77096.74,19.99,high,low,8,Annulet LLC,17/11/1998 05:00,16/11/2026 05:00,24/08/2026 20:34
08a7e719-1c4e-450d-a08f-d9f7ee26c9a9,crinkly.com,resell,,,medium,low,7,"GoDaddy.com, LLC",07/01/2000 22:28,07/01/2027 22:28,26/09/2026 05:20
9f225a76-1b2f-4857-916b-d7520807b355,springbuck.com,resell,,,medium,low,10,"GoDaddy.com, LLC",03/01/1998 05:00,02/01/2027 05:00,26/09/2026 09:14
a147ffaa-a5d0-48d4-b41e-97d6f9eb25ab,bourses.com,resell,,,medium,low,7,Dynadot Inc,22/05/1995 04:00,23/05/2027 04:00,26/09/2026 04:34
7825c73d-a1c7-48a4-96bc-c82f9f2db040,dent.com,resell,,,high,low,4,"GoDaddy.com, LLC",26/06/1997 04:00,25/06/2033 04:00,26/09/2026 05:30
1c356b35-f6d8-4c3f-9451-c83d11ab9a40,undisturbing.com,available,,,high,high,12,,,,
994656b9-bf23-461a-8094-4d7ff1a6b3bb,fansign.com,resell,,,high,high,8,"Sea Wasp, LLC",14/09/2002 05:50,14/09/2027 05:51,26/09/2026 06:00
36b652cf-07c2-4119-be72-791e94d92ef2,sparely.com,resell,,,medium,low,7,"GoDaddy.com, LLC",08/01/2007 00:26,08/01/2028 00:26,26/09/2026 09:11
29057cf3-de0c-47e6-ab38-fc813147f1ec,cracklings.com,resell,,,high,high,10,"TurnCommerce, Inc. DBA NameBright.com",15/11/2002 20:13,15/11/2026 20:13,26/09/2026 05:18
3af6566d-c8e0-4335-8e0c-3cf575c35ae1,benzedrine.com,resell,,,medium,low,10,"NameSilo, LLC",08/05/2005 18:33,08/05/2027 18:33,26/09/2026 04:22
58b33853-9e42-4ebb-8e5d-8e7ee6fe4427,bedazzle.com,resell,,,high,high,8,Dynadot Inc,07/01/2000 13:00,07/01/2027 13:00,26/09/2026 04:19
c5401343-786e-445a-a5df-d659761483dc,urbanization.com,resell,,,high,low,12,"eNom, LLC",17/09/1999 07:29,17/09/2027 07:29,26/09/2026 09:54
9ac0d438-bd68-41e1-9d8e-a7cfdea89d9d,xli.com,resell,,,medium,low,3,"Gabia, Inc.",10/08/2000 10:34,10/08/2027 10:34,26/09/2026 10:14
5dffc9e4-a4ea-40f9-a795-8425c9cb3f92,circumspectly.com,resell,,,high,high,13,"Name.com, Inc.",01/09/2022 18:04,01/09/2027 18:04,26/09/2026 04:57
b18bac58-e676-4e32-8635-a35e90b5267b,cackel.com,resell,,,high,high,6,"GoDaddy.com, LLC",11/05/2018 18:38,11/05/2027 18:38,26/09/2026 04:42
ffc9bf0c-4702-482f-a6f3-425f9c42fb28,myzornis.com,available,,,high,medium,8,,,,
16d48fab-a855-4cd9-9bfc-9f7da93e6c03,tellingly.com,resell,,,high,low,9,"GoDaddy.com, LLC",12/09/2006 20:24,12/09/2027 20:24,26/09/2026 09:33
1316300e-7184-48c1-9e17-c7133482358b,raisable.com,resell,,,high,medium,8,Atom.com Domains LLC,22/06/2007 03:06,22/06/2027 03:06,26/09/2026 08:29
5959f6b7-0558-46e5-89ae-ee473ee663c4,robata.com,resell,,,medium,low,6,Dynadot Inc,16/03/2003 19:03,16/03/2027 18:03,26/09/2026 08:42
0f169ba0-5ec6-4bde-a098-05428cc63fd5,rida.com,resell,,,high,high,4,"GoDaddy.com, LLC",07/04/1999 04:00,07/04/2027 04:00,26/09/2026 08:40
eea5f440-a753-4066-bb21-cbabf6d25687,emmabel.com,available,,,high,high,7,,,,
d491945f-952f-4378-9102-e1371aafc546,stakeholding.com,resell,,,high,low,12,"NameSilo, LLC",30/07/2014 18:45,30/07/2027 18:45,26/09/2026 09:15
3e1e0c0f-8481-4c21-928a-7a5dd7a125c4,aluminumlike.com,available,12.99,17.99,high,high,12,name.com,,,
1c2aea3b-65bc-434f-bc82-928691463770,reinswoman.com,available,,,high,high,10,,,,
e91ef0e7-5354-4bc6-ba3c-53acf691de91,communicational.com,resell,,,high,low,15,"eNom, LLC",12/01/2013 19:55,12/01/2027 19:55,26/09/2026 05:08
74e5f599-c652-46f2-b9ad-249efc5d33ae,purge.com,resell,,,high,medium,5,Key-Systems GmbH,24/09/1996 04:00,23/09/2027 04:00,26/09/2026 08:25
b99128bb-f33c-4b1f-80b1-1334fe0dce78,ataturkism.com,available,,,high,high,10,,,,
bfdc04bb-f4fd-47e8-ad6d-0e995a62975a,cowl.com,resell,,,high,high,4,"Sea Wasp, LLC",17/09/1999 14:19,17/09/2027 14:19,26/09/2026 05:18
eb53f2a6-1184-40cb-8c37-656c3412ecbb,somerville.com,resell,,,medium,low,10,,,,27/09/2026 01:44
d4d83c8b-02bf-432a-93c1-a1c5f54adff6,along.com,resell,,,high,high,5,"NameSilo, LLC",26/01/2006 19:25,26/01/2029 19:25,26/09/2026 03:48
d47ee239-054d-4038-b52e-49374387eec2,wapiti.com,resell,,,medium,low,6,"GoDaddy.com, LLC",04/09/2003 18:14,04/09/2028 18:14,26/09/2026 10:03
c51f5427-edc3-4b4f-b3c2-4c5aa4ffd7e7,sweep.com,resell,,,high,low,5,"GoDaddy.com, LLC",04/06/1996 04:00,03/06/2032 04:00,26/09/2026 09:27
d4f2c7a0-f74b-4d74-8353-6268fa9f1e53,waxen.com,resell,,,medium,low,5,Above.com Pty Ltd.,31/07/2005 18:23,31/07/2027 18:23,26/09/2026 10:05
573b3a52-9eb7-42bb-9730-f62c98e200b1,roundedness.com,available,,,medium,low,11,,,,
bd7411a1-2dc5-4610-b610-942a8061a914,kaaba.com,resell,,,high,high,5,"GoDaddy.com, LLC",13/03/2000 02:36,13/03/2027 01:36,26/09/2026 07:03
f04dd431-e4b9-4c7e-9af6-51dae7347d3e,arterially.com,available,,,high,medium,10,,,,
fe52b35b-af31-425d-a7e6-b55c9c38522d,sociodicy.com,available,,,high,high,9,,,,
538d9aba-4853-41e8-b3c3-b8c323549f2b,primaries.com,resell,,,medium,low,9,"GoDaddy.com, LLC",07/05/1998 04:00,17/12/2026 11:59,26/09/2026 08:19
076a645a-252d-4e43-9f64-e370bd4df5f9,ingenuously.com,resell,,,high,high,11,"GoDaddy.com, LLC",26/09/2010 18:36,26/09/2027 18:36,26/09/2026 06:52
558db641-30ed-4440-9d49-02d3b3f221a4,concession.com,resell,,,high,low,10,"GoDaddy.com, LLC",13/01/1997 05:00,12/01/2030 05:00,26/09/2026 05:10
6c0b218e-e12e-4136-bbd5-964092546d5b,blockholder.com,resell,,,high,high,11,PresidentialDomains LLC,08/05/2025 18:19,08/05/2027 18:19,26/09/2026 04:29
3acb8a32-b28c-496c-9415-fe7a3f730837,hmongmien.com,available,,,low,low,10,,,,
6eb9c2fc-e9d7-4c09-953f-89736a417d53,precursory.com,resell,,,high,medium,10,"Spaceship, Inc.",19/05/2004 02:40,19/05/2027 02:40,26/09/2026 08:17
84933f05-b290-456b-a091-5433260955aa,salverform.com,available,10.98,18.48,high,medium,10,namecheap,,,09/09/2026 21:02
9b44ba38-e5b1-490b-ab69-97d88c27899b,acinetae.com,available,16.98,,low,low,8,namecheap,,,
3758fc1f-c685-45c9-beaf-c9b51bb45dfc,belorussia.com,resell,,,medium,low,10,"GoDaddy.com, LLC",10/06/2024 18:00,10/06/2027 18:00,26/09/2026 04:21
3346150d-d74c-4d23-a3c8-79e7a9555d93,digging.com,resell,,,high,low,7,,,,27/09/2026 13:02
dc8a9265-cb7a-462a-b401-340bd6eaef2f,oops.com,resell,,,high,high,4,Dynadot Inc,25/06/1997 04:00,24/06/2027 04:00,26/09/2026 07:54
0c40236c-040f-4170-a91e-a2062d0a33f9,prefaded.com,available,10.98,18.48,high,medium,8,namecheap,,,09/09/2026 01:34
bc294116-f999-44fd-ab1b-18e5d0f6ff0b,salvage.com,resell,,,medium,low,7,"GoDaddy.com, LLC",19/05/1995 04:00,20/05/2027 04:00,28/09/2026 10:52
27d5562c-f9ca-41bf-aa5e-921f6c31dd43,phyllodial.com,available,10.98,18.48,high,medium,10,namecheap,,,08/09/2026 19:25
0b7d416b-2821-443a-bced-8d8aef8647bc,sociocosmic.com,available,,,high,high,11,,,,
47c9b748-e5db-403a-b882-a1f9d64824e0,selffinished.com,available,,,medium,high,13,,,,
68287d5e-a3bd-40ac-8132-1976002a76ea,actrice.com,premium,,,high,high,7,Gandi SAS,26/05/1998 04:00,25/05/2026 04:00,
b2ec58c2-9c0a-447f-8ebd-a4d6144d8275,subfoliate.com,available,,,medium,low,10,,,,
d2db2aa8-c11c-471a-be2a-530e64c7d0a0,buckshot.com,resell,,,medium,low,8,"GoDaddy.com, LLC",08/08/1998 04:00,07/08/2029 04:00,26/09/2026 04:39
841ec875-45ed-44cc-b567-55b2118eb31e,mouthwash.com,resell,,,high,low,10,Dynadot Inc,21/09/2013 18:15,21/09/2027 18:15,26/09/2026 07:40
1b8e8826-0878-4c05-a6f8-7ace015df69d,mandate.com,resell,,,high,low,7,"GoDaddy.com, LLC",31/08/1995 04:00,30/08/2028 04:00,26/09/2026 07:24
b50a0d1c-b5cd-44d2-82e9-53754f800284,gonion.com,resell,,,high,high,6,Unstoppable Domains Inc.,26/04/2012 18:31,26/04/2027 18:31,26/09/2026 06:26
3b1f5768-1b4c-4539-86e1-60bba7bdf138,greenhide.com,resell,,,high,high,10,"GoDaddy.com, LLC",21/03/2015 18:25,21/03/2027 18:25,26/09/2026 06:29
02761ac2-0e03-4852-b89d-1b1c31d8a90a,ballotful.com,available,,,medium,low,9,,,,
e7210f87-a2b9-4ad7-801c-f15818b6eaf1,adaptable.com,resell,,,high,low,9,"GoDaddy.com, LLC",21/03/1997 05:00,22/03/2030 04:00,26/09/2026 01:22
d18a512f-0cd3-42d7-9f6a-e00bdfbed92a,footloose.com,resell,,,high,low,9,Dynadot Inc,20/04/2023 18:03,20/04/2027 18:03,26/09/2026 06:11
b42bca87-8505-4cca-9f98-1be87b839d8e,september.com,resell,,,high,low,9,Atom.com Domains LLC,04/12/1995 05:00,03/12/2028 05:00,26/09/2026 08:55
3a5f1ba5-ba66-4ad5-919f-177e08fa43bc,ovulation.com,resell,,,high,high,9,"DNC Holdings, Inc.",06/07/1997 04:00,05/07/2027 04:00,26/09/2026 07:58
f7f465fe-e045-4e7a-b3eb-5a544c89e826,pennsylvanian.com,resell,,,high,high,13,"Wild West Domains, LLC",21/01/2000 07:44,21/01/2027 07:44,26/09/2026 08:05
3ed79485-88b9-4812-bb49-83f2fe9bfdc4,beautifiers.com,resell,,,medium,low,11,"GoDaddy.com, LLC",16/03/2003 19:04,16/03/2027 18:04,26/09/2026 04:19
5a21d78b-74b1-4dd2-8702-4c1936451cde,accusable.com,resell,10348.85,19.99,high,high,9,"TurnCommerce, Inc. DBA NameBright.com",18/07/2022 19:13,18/07/2027 19:13,26/09/2026 01:20
ba73394c-3980-463c-aaae-c21522b03b1d,excess.com,resell,,,high,low,6,"GoDaddy.com, LLC",26/09/1995 04:00,25/09/2027 04:00,26/09/2026 05:56
b7b826a3-39e3-4bd3-9d97-99e1c2339bef,macaronic.com,resell,,,medium,low,9,"GoDaddy.com, LLC",20/12/2021 19:17,20/12/2026 19:17,26/09/2026 07:21
7047c042-223c-4182-9434-2a26af9916b5,klamathmodoc.com,available,,,high,high,13,,,,
cb4ec73b-0f3c-4a67-9443-df2f8b3a5189,champ.com,resell,,,high,low,5,"Network Solutions, LLC",14/02/1995 05:00,15/02/2029 05:00,26/09/2026 04:51
89974e31-9e95-49a6-9b0e-cd8630e462ca,apodictic.com,resell,,,medium,low,9,"GoDaddy.com, LLC",30/06/2012 18:37,30/06/2027 18:37,26/09/2026 03:56
fbdbb032-7fd5-4ffc-ac65-e202e5bc61db,underhand.com,resell,,,high,medium,9,"Domain Guardians, Inc.",01/05/2009 19:34,01/05/2027 19:34,26/09/2026 09:51
c36e8f67-e98f-409a-bef6-b924ca1ea98d,comintern.com,resell,,,high,high,9,"TurnCommerce, Inc. DBA NameBright.com",01/08/2010 18:20,01/08/2027 18:20,26/09/2026 05:08
991f7197-295d-4d6e-9eaf-9e67efd41f7d,lactosuria.com,available,,,high,high,10,,,,
5be8e9ea-d172-4b63-a739-18ae71e2e612,semaphored.com,available,,,medium,low,10,,,,
0b3c246a-68f9-456c-9dc1-0f4091db77de,ghanaianness.com,available,,,high,high,12,,,,
05158d25-07f4-48bf-a444-d9b6bb320e99,rigan.com,resell,,,high,high,5,"GoDaddy.com, LLC",13/02/2005 17:43,13/02/2027 17:43,26/09/2026 08:41
d2bab4b2-f94c-476d-bc01-c2f8600712d2,umls.com,resell,,,high,high,4,"GoDaddy.com, LLC",18/11/2001 19:49,18/11/2027 19:49,26/09/2026 09:50
f154c141-9d4a-45b7-9c1b-cac80918a0af,endearingness.com,available,,,low,low,13,,,,
ff924595-2536-41a7-958c-2c1353caf5ad,unexciting.com,resell,,,medium,low,10,Dynadot Inc,12/04/2008 18:18,12/04/2027 18:18,26/09/2026 09:51
17bbf896-664c-496b-b941-df58c3fe5e99,partaking.com,resell,,,high,high,9,Moniker Online Services LLC,09/12/1999 11:36,09/12/2027 11:36,26/09/2026 08:02
7bd05df3-c424-4b5d-96d9-de18349a1b49,wheelbarrower.com,available,,,high,high,13,,,,
eb06334b-a26e-4751-a04e-f2240a796066,purses.com,resell,,,medium,low,6,"Network Solutions, LLC",11/07/1996 04:00,10/07/2033 04:00,26/09/2026 08:25
11c17334-b085-4319-b9e2-f1f0296e66f1,futureless.com,resell,,,low,low,10,"GoDaddy.com, LLC",09/07/2003 20:30,09/07/2027 20:30,26/09/2026 06:18
342ed39b-b9b4-4f9d-89b3-388b206c4aff,quadriliteral.com,available,17.29,17.29,high,high,13,namesilo,,,25/09/2026 13:16
4cf9fee1-00eb-4bcf-8de4-1fab5d5e764a,debark.com,resell,,,high,high,6,PDR Ltd. d/b/a PublicDomainRegistry.com,25/04/2003 06:27,25/04/2027 06:27,26/09/2026 05:27
f6868da6-c127-4c0c-ac54-ebf733326c78,elvish.com,resell,,,medium,low,6,"GoDaddy.com, LLC",29/08/1995 04:00,28/08/2030 04:00,26/09/2026 05:48
39167d89-9923-4d9f-92fc-bff7b96bddb8,crying.com,resell,,,high,low,6,"GoDaddy.com, LLC",09/09/1997 04:00,08/09/2027 04:00,26/09/2026 05:21
d3701e72-58f3-4630-89fc-52843593be4c,kirkwall.com,resell,,,high,high,8,"GoDaddy.com, LLC",21/01/2000 19:43,21/01/2028 19:43,26/09/2026 07:05
cac8050c-ee41-4f64-8f90-6b8c03bafed6,modernizer.com,resell,,,high,high,10,"GoDaddy.com, LLC",21/03/2003 19:24,21/03/2027 18:24,26/09/2026 07:36
cd7206aa-39cd-49d6-8f5a-491e66d00817,stablekeeper.com,premium,,,high,high,12,Annulet LLC,31/12/2009 17:02,31/12/2025 17:02,
40f9a438-7016-4bed-b97c-4aef84a72907,disneyphilia.com,available,,,high,low,12,,,,
3f920aeb-77f9-4ce6-b866-7d99c4e2e86d,breathe.com,resell,,,high,low,7,IONOS SE,11/02/1996 05:00,12/02/2027 05:00,26/09/2026 04:36
1f27d93c-9711-4b8d-b57e-4099bdf3e373,branchless.com,resell,,,medium,low,10,GoDaddy Online Services Cayman Islands Ltd.,05/05/2009 18:21,05/05/2027 18:21,26/09/2026 04:35
0cd2a6ec-c555-46d0-9f41-5e709d96cf2e,queens.com,resell,,,high,low,6,Tucows Domains Inc.,30/07/1995 04:00,29/07/2027 04:00,26/09/2026 08:26
52b9689f-1756-4027-a1aa-937e46149614,dueller.com,resell,,,high,high,7,"TurnCommerce, Inc. DBA NameBright.com",04/10/2021 18:19,04/10/2027 18:19,26/09/2026 05:42
27a32dc9-81db-4bc2-8d33-380e7a8c3a6d,rascality.com,resell,,,high,high,9,"Go Canada Domains, LLC",09/04/2013 18:30,09/04/2027 18:30,26/09/2026 08:30
1b340de6-6cdc-49b8-af3f-2e4a0bea6886,reattach.com,resell,,,high,high,9,"GoDaddy.com, LLC",15/12/1999 01:43,15/12/2027 01:43,26/09/2026 08:31
56ab7546-c5ad-47ae-9398-43f1379e315c,halts.com,resell,,,medium,low,5,"Spaceship, Inc.",07/01/2000 13:45,07/01/2027 13:45,26/09/2026 06:33
b6772a9a-05f9-45f5-8640-4ea81c6f6d04,dolorous.com,premium,6737.44,19.99,medium,low,8,Annulet LLC,06/05/2004 19:17,06/05/2027 19:17,14/08/2026 15:30
58ea36f7-1c34-4a55-9037-dc8d31e508b8,crunchily.com,resell,,,high,high,9,"Spaceship, Inc.",01/01/2018 23:01,01/01/2027 23:01,26/09/2026 05:21
8a524c41-910c-4fd4-8301-fd846148a500,nuvvuagittuq.com,available,,,high,high,12,,,,
48995624-fd91-4f51-9198-56f8876b479a,cheeselicious.com,resell,,,high,high,13,"TurnCommerce, Inc. DBA NameBright.com",23/09/2022 18:02,23/09/2027 18:02,26/09/2026 04:53
10bab7ac-9601-4ddd-85d6-dca48d3ab688,ghanaian.com,resell,,,high,low,8,"GoDaddy.com, LLC",17/07/2004 18:21,17/07/2027 18:21,26/09/2026 06:22
e43e9157-ac01-41be-a642-6acfe7b8bf28,diabolical.com,resell,,,medium,low,10,Moniker Online Services LLC,23/03/2002 19:08,23/03/2027 18:08,26/09/2026 05:32
b204dd24-c8be-45bc-962a-b2b7710d5d2b,castrate.com,resell,,,medium,low,8,"GoDaddy.com, LLC",19/04/1999 04:00,19/04/2027 04:00,26/09/2026 04:48
76cbd4c7-4254-4195-bfaf-26aad16b078e,multistory.com,resell,,,medium,low,10,"eNom, LLC",20/01/2003 22:17,20/01/2033 22:17,26/09/2026 07:41
bab90b34-592a-4051-8728-36ed0876761e,kissogram.com,resell,,,high,high,9,Dynadot Inc,07/09/1998 04:00,06/09/2027 04:00,26/09/2026 07:05
9cd598c2-39cb-49d8-a4ba-87de75347802,residuum.com,resell,,,medium,low,8,"Megazone Corp., dba HOSTING.KR",05/09/2011 18:33,05/09/2027 18:33,26/09/2026 08:37
79a76162-20b3-490c-a11e-befca492d047,carburise.com,available,,,high,high,9,,,,
08a2e783-9add-4aa6-ab70-2f55f9259004,biodegrade.com,resell,,,high,high,10,"GoDaddy.com, LLC",07/12/1999 05:05,07/12/2026 05:05,26/09/2026 04:26
ee76d381-1907-4d6e-ae8c-8e831053a652,gravitaxis.com,available,,,medium,low,10,,,,
8255802a-9763-47ef-8f29-3ff205cdeafb,counterrelief.com,available,,,low,low,14,,,,
abf5835a-c896-48f3-87c4-571928bd0bb6,disneylandification.com,available,,,medium,low,19,,,,
7d06ccea-5957-4419-9cb5-c335d311ac73,bounder.com,resell,,,medium,low,7,"Gabia, Inc.",16/04/2001 10:32,16/04/2027 10:32,26/09/2026 04:34
02dd4ba6-3dc1-4b03-82ec-37466d60b821,rando.com,resell,,,high,high,5,GoDaddy Online Services Cayman Islands Ltd.,05/03/1996 05:00,06/03/2028 05:00,26/09/2026 08:29
4c158cf7-6a3e-405d-a07a-504ea10c3607,cot.com,resell,,,high,low,3,"GoDaddy.com, LLC",31/10/1994 05:00,30/10/2027 04:00,26/09/2026 05:16
3739137a-d582-463b-a2d2-c460efdf093f,staccatissimo.com,available,,,high,high,13,,,,
82818f81-cd2a-4505-9ef0-b55170d060cf,differentiate.com,resell,,,high,high,13,GoDaddy Online Services Cayman Islands Ltd.,06/11/1996 05:00,05/11/2027 05:00,26/09/2026 05:33
6d648746-9bbd-447c-814d-f0afa0722dfd,implicitly.com,resell,,,medium,low,10,"GoDaddy.com, LLC",17/05/2002 13:58,17/05/2027 13:58,26/09/2026 06:49
ef1da81f-916e-40b0-aa6b-6493deed55da,recognisably.com,resell,,,high,high,12,"GoDaddy.com, LLC",08/04/2016 19:55,01/05/2027 11:59,26/09/2026 08:32
4b8178e3-1a9b-43e4-a1a8-cfdc63979a8b,learns.com,resell,,,medium,low,6,"GoDaddy.com, LLC",26/05/1998 04:00,25/05/2027 04:00,26/09/2026 07:10
b6985500-f61d-45ab-8f04-1c2041b4ae06,cared.com,resell,,,medium,low,5,"GoDaddy.com, LLC",10/12/1999 18:14,10/12/2027 18:14,26/09/2026 04:46
d51733e2-ff5d-43c1-927a-16a7628499e9,carriable.com,resell,,,high,high,9,"GoDaddy.com, LLC",06/02/2012 04:57,06/02/2027 04:57,26/09/2026 04:47
df453416-0a2b-47c1-a29a-a300d305d7f2,grayishness.com,available,,,medium,low,11,,,,
2557f75f-edbb-45bd-b29c-8f02e2b96af1,marshlike.com,available,,,high,high,9,,,,
e63a2224-16d3-4223-909b-44ff737e68d5,wichnor.com,available,,,high,high,7,,,,
57bfe49e-5c57-4dda-8fe4-bf47a6774637,midoceanic.com,available,,,low,low,11,,,,
e7979f2f-0a6a-4543-8d77-06a4b863f40f,shaped.com,resell,,,high,low,6,RegistryGate GmbH,24/02/2000 11:54,24/02/2027 11:54,26/09/2026 08:57
25b1474a-80d8-4eef-832f-8b8258b13384,andromedae.com,resell,,,medium,low,10,"GoDaddy.com, LLC",22/04/2016 18:38,22/04/2028 18:38,26/09/2026 03:52
b254bd25-b149-4191-b6b1-a962ab7036bd,unquestioningly.com,resell,,,high,high,15,"Spaceship, Inc.",21/07/2024 21:01,21/07/2027 21:01,26/09/2026 09:52
07d2b87d-38d8-4f9c-a358-a27e7f02579a,tijuana.com,resell,,,medium,low,7,Moniker Online Services LLC,31/05/1995 04:00,30/05/2027 04:00,29/09/2026 02:18
770d3e6a-cb48-4d16-ad73-095985b94fd4,manuall.com,resell,,,high,high,7,"Megazone Corp., dba HOSTING.KR",19/09/2009 18:29,19/09/2027 18:29,26/09/2026 07:25
c80e8bc3-c006-4f4d-b751-df5bb1581d49,graz.com,resell,,,medium,low,4,,,,29/09/2026 01:07
1129ab88-b337-4e8f-a45f-4376464475c8,assumer.com,resell,,,high,high,7,"GoDaddy.com, LLC",15/11/2003 13:39,15/11/2027 13:39,26/09/2026 04:05
d478ab7f-6f17-4588-a17c-5509854e6065,contrazy.com,available,16.98,,high,high,8,namecheap,,,
e488e932-2730-4ca4-9bcd-be0501184d1e,existing.com,resell,57385,17.99,high,low,8,Dynadot Inc,20/07/2002 10:58,20/07/2027 10:58,26/09/2026 05:56
6c983ae6-ce11-49c9-aa4e-1e71f6fea7cf,crumble.com,resell,,,high,high,7,"GoDaddy.com, LLC",17/05/2001 10:32,17/05/2027 10:32,26/09/2026 05:21
83c253e7-c504-4a76-9c86-24a919d22bff,sneak.com,resell,,,high,low,5,"GoDaddy.com, LLC",11/04/2003 18:12,11/04/2030 18:12,26/09/2026 09:07
3949135e-3ecf-47b1-8739-4d4e55605df7,kingpins.com,resell,,,medium,low,8,"GoDaddy.com, LLC",26/08/1996 04:00,25/08/2027 04:00,26/09/2026 07:05
5289df50-ca1e-4b22-893e-6dbff08b7a09,appoints.com,resell,,,medium,low,8,"GoDaddy.com, LLC",21/04/2003 18:12,21/04/2027 18:12,26/09/2026 03:56
cc708d65-b514-460a-ade8-1bea61c640aa,flexing.com,resell,,,high,low,7,Moniker Online Services LLC,24/12/1998 05:00,24/12/2026 05:00,26/09/2026 06:08
deaa23c8-ae24-4718-9944-edb20a6552a4,absorbs.com,resell,,,high,high,7,"GoDaddy.com, LLC",13/03/2000 14:21,13/03/2027 13:21,26/09/2026 01:19
eeb46126-1490-49b6-a271-e0f93517fb8f,undreamed.com,resell,,,medium,low,9,Dynadot Inc,07/03/2002 17:28,07/03/2027 17:28,26/09/2026 09:51
5f76a54a-84ca-46bc-8edf-663ccdc6aa23,diagonalisation.com,available,,,medium,low,15,,,,
9b7c6191-8a83-4021-9c38-4ff73511d2eb,cuirasses.com,available,,,medium,low,9,,,,
d8e48aa5-2a5e-4974-adbd-dcb936b1f74c,instructively.com,resell,,,high,high,13,"Wild West Domains, LLC",13/02/2007 10:36,13/02/2027 10:36,26/09/2026 06:54
7917d41c-53c2-4ea2-bd8e-680ecc31f06a,appetiser.com,resell,,,medium,low,9,"GoDaddy.com, LLC",31/08/2002 03:51,31/08/2027 03:51,26/09/2026 03:56
7fab0fb5-7a06-4b2d-a95d-b3eb0d006ecc,zoftig.com,resell,,,medium,low,6,"GoDaddy.com, LLC",12/04/2000 09:56,12/04/2027 09:56,26/09/2026 10:17
b3a94706-c8c6-409f-8a12-1ff848d2e371,relying.com,resell,,,high,medium,7,"GoDaddy.com, LLC",20/05/2000 01:25,20/05/2027 01:25,26/09/2026 08:35
fcfa9b8c-0c4f-4a6c-99a3-01b21d6867b5,submersible.com,resell,,,high,high,11,GoDaddy Online Services Cayman Islands Ltd.,02/04/1996 05:00,03/04/2027 04:00,26/09/2026 09:22
3eeb5701-197c-49b6-b2d2-b79bc8ebba09,youngling.com,resell,,,high,high,9,"Spaceship, Inc.",12/06/2003 18:19,12/06/2027 18:19,26/09/2026 10:16
6d268c96-4471-4b51-8547-006e6648c9c7,herford.com,resell,,,high,medium,7,"GoDaddy.com, LLC",28/02/2000 09:28,28/02/2028 09:28,26/09/2026 06:38
f370609c-28aa-4bde-9ffc-2db6988982c7,sacrosanct.com,resell,,,high,medium,10,"GoDaddy.com, LLC",30/07/1998 04:00,29/07/2027 04:00,26/09/2026 08:46
36581d62-8371-4030-a121-17302dd43c88,shareware.com,resell,,,high,high,9,"GoDaddy.com, LLC",20/09/1995 04:00,19/09/2027 04:00,26/09/2026 08:58
f699ffd9-b354-4f1f-949a-6529a2391bd1,pochette.com,resell,,,high,high,8,"NameSilo, LLC",14/06/2002 02:44,14/06/2027 02:44,26/09/2026 08:13
6ae3aa66-5574-4cdd-a949-d133daa2710c,executrix.com,resell,,,high,high,9,Dynadot Inc,16/02/2002 04:34,16/02/2027 04:34,26/09/2026 05:56
d72ea64a-85fb-4db5-b221-a4ffb286e23c,smidgin.com,premium,,,high,high,7,"GoDaddy.com, LLC",22/09/2022 18:28,22/09/2025 18:28,
54fcd11d-b95c-454d-9c52-6d7aff2c455c,picturesquely.com,resell,,,high,high,13,"GoDaddy.com, LLC",26/07/2012 18:05,26/07/2027 18:05,26/09/2026 08:09
811f7987-443d-4ed9-b803-990aca067887,acidobacterial.com,available,12.99,17.99,low,low,14,name.com,,,
3c708fd2-bdc8-45b6-90e1-11f14a1586e5,basle.com,resell,,,medium,low,5,"GoDaddy.com, LLC",16/09/1999 05:39,16/09/2027 05:39,26/09/2026 04:17
d390e228-f92f-41c3-b8da-bd0f281dacd6,fcc.com,resell,,,high,low,3,GoDaddy Online Services Cayman Islands Ltd.,21/02/1994 05:00,22/02/2027 05:00,26/09/2026 06:02
96d8fe34-d9e4-4a02-803f-644c34e4aeb8,chipmunklike.com,available,,,high,high,12,,,,
9a5f5097-2fae-4d0f-9bf0-3eb9b7dd9b4d,americanization.com,resell,,,high,high,15,Dynadot Inc,26/06/1999 15:17,26/06/2027 15:17,26/09/2026 03:50
803e533c-faad-46a8-acf7-51b905386937,threats.com,resell,,,medium,low,7,"GoDaddy.com, LLC",12/08/1997 04:00,11/08/2030 04:00,26/09/2026 09:37
a2a559c8-d23d-43d0-b2ac-82df05f29341,malayalam.com,resell,,,high,high,9,"GoDaddy.com, LLC",04/07/1996 04:00,03/07/2027 04:00,26/09/2026 07:24
d5c45393-9135-4712-ae27-c1bd0b4e0607,preemptions.com,available,,,medium,low,11,,,,
30bdfd62-4b3d-4005-ac89-058307f2a44e,pebbles.com,resell,,,medium,low,7,"NameCheap, Inc.",01/01/1998 05:00,31/12/2026 05:00,26/09/2026 08:05
bec2927a-56c3-481c-83dc-1820dfc90028,bandeau.com,resell,,,medium,low,7,"Sea Wasp, LLC",29/04/1999 03:05,29/04/2027 03:04,26/09/2026 04:14
1f93be2b-288b-482c-96c0-7b59cc5bee96,resentment.com,resell,,,medium,low,10,"Inames Co., Ltd.",19/01/2002 07:02,19/01/2027 07:02,26/09/2026 08:37
299595d5-81dd-4b8b-875f-bf02cc65faba,europoan.com,available,,,high,high,8,,,,
22b3d68e-eb64-44b3-a728-91ddd6d1d796,midbow.com,available,,,high,high,6,,,,
c4af5752-c4f7-4a68-99d5-3eb9b1e39382,porchlike.com,available,,,high,high,9,,,,
5c3da7d6-cd59-4c52-82e0-93ef09285b99,motherboard.com,resell,,,high,high,11,"GoDaddy.com, LLC",18/04/2003 18:08,18/04/2030 18:08,26/09/2026 07:39
e6218cd1-1171-40f0-a9f2-800216fdfe06,cooccur.com,available,,,high,high,8,,,,
b5f19283-3f43-4c70-b353-ffc07403c0c8,chap.com,resell,,,medium,low,4,GoDaddy Online Services Cayman Islands Ltd.,20/09/1995 04:00,19/09/2027 04:00,26/09/2026 04:51
f5bb641e-3a53-467b-8fc4-a6c7c505026d,toxicology.com,resell,,,high,high,10,"GoDaddy.com, LLC",23/05/1996 04:00,24/05/2030 04:00,26/09/2026 09:42
a5c45237-80d8-4005-878d-55dd514c97eb,fundas.com,resell,,,low,low,6,"GoDaddy.com, LLC",09/02/2004 19:14,09/02/2027 19:14,26/09/2026 06:17
bc34e8c1-4d1c-4fdb-b345-c0b38c4f68d5,bulbosacral.com,available,,,medium,low,11,,,,
0f677a09-ee0b-44dd-87fb-d025cd7fcb18,nasa.com,resell,,,high,low,4,,,,28/09/2026 19:59
e3b1f480-820a-41c0-8bf5-2e5bf6b69092,disappearance.com,resell,,,medium,low,13,,,,28/09/2026 04:24
ddd222b5-a079-4b3f-bac4-41dc435f4d54,lactometer.com,resell,,,high,high,10,"TurnCommerce, Inc. DBA NameBright.com",04/10/2024 18:05,04/10/2027 18:05,26/09/2026 07:07
f1c0fc97-542c-4ab4-a7e5-5bc1449c7cbb,consensual.com,resell,,,high,low,10,"GoDaddy.com, LLC",05/08/2001 10:34,05/08/2027 10:34,26/09/2026 05:12
3f36e709-a75f-4df0-9f8a-8d8a25ae2994,saleslady.com,resell,,,high,high,9,GoDaddy Online Services Cayman Islands Ltd.,14/03/1998 05:00,13/03/2027 04:00,26/09/2026 08:47
8ed3169f-e6cc-4345-8af9-0fbd45ee6ef5,tennysonian.com,available,,,high,high,11,,,,
57dc3a7b-2c77-4280-b7ea-4556027ba31a,panoply.com,resell,,,high,high,7,"GoDaddy.com, LLC",28/11/1998 05:00,27/11/2026 05:00,26/09/2026 08:01
52c78f35-3386-4628-ab32-e4dcafc9d30f,ornament.com,resell,,,high,high,8,Atom.com Domains LLC,24/06/1997 04:00,23/06/2028 04:00,26/09/2026 07:57
45bf4dfc-586d-4b98-b2ba-994877eb572d,stinking.com,resell,,,medium,low,8,Porkbun LLC,23/01/1999 05:00,23/01/2027 05:00,26/09/2026 09:18
6aaa3be5-4b49-4407-b046-c46dcda59cb3,grandaunts.com,available,,,medium,low,10,,,,
29455cac-98e1-44ad-8da7-aedc93f85ac0,ballooningly.com,available,,,medium,low,12,,,,
ceabf26b-a849-48fe-b0b7-81bb46c4fd93,sul.com,resell,,,medium,low,3,,,,27/09/2026 10:19
da8000c8-f9e0-4613-9169-6505a3aadf83,centroiding.com,available,,,medium,low,11,,,,
a6168ff9-0f9e-489d-a38b-db3fec04815d,adjoint.com,resell,,,high,high,7,"NameCheap, Inc.",07/03/2003 19:15,07/03/2027 19:15,26/09/2026 01:23
26c182cf-c31c-4d90-8f35-d63b14ca2d67,strider.com,resell,,,high,high,7,"GoDaddy.com, LLC",19/11/1997 05:00,18/11/2026 05:00,26/09/2026 09:21
b52b9782-b99a-44d3-b420-016938692f5a,pallid.com,resell,,,medium,low,6,"NameSilo, LLC",19/06/2002 02:07,19/06/2027 02:07,26/09/2026 08:00
6b37389f-9094-40e5-986b-16e6754f5729,xxviii.com,resell,,,medium,low,6,Rabbitsfoot.com LLC d/b/a Oxygen.nyc,02/08/2003 18:32,02/08/2027 18:32,26/09/2026 10:15
f2f1f3e7-a918-4e20-bb89-9f2bf26f8c1a,reginan.com,available,,,high,high,7,,,,
8a7f5236-6d23-4463-803b-e0ff66a201b6,markedly.com,resell,,,medium,low,8,"GoDaddy.com, LLC",04/09/2022 18:25,04/09/2027 18:25,26/09/2026 07:26
66d2e2b0-aff0-4edc-8924-f9c079b6ab03,ecotourism.com,resell,,,high,high,10,"Domain Guardians, Inc.",02/08/1995 04:00,01/08/2027 04:00,26/09/2026 05:45
3718a179-3dad-4b87-861a-3f07393d6199,utilizer.com,resell,,,high,high,8,"Spaceship, Inc.",18/07/2001 10:45,18/07/2027 10:45,26/09/2026 09:55
a3e2cc76-1148-4a7b-9f87-c2645091ba04,discharges.com,resell,,,medium,low,10,"GoDaddy.com, LLC",05/12/2000 18:10,05/12/2027 18:10,26/09/2026 05:35
e9849a72-cfc8-46af-81c8-33677a42fcfb,kirkenes.com,resell,,,high,high,8,"NameSilo, LLC",13/12/2005 19:03,13/12/2026 19:03,26/09/2026 07:05
d8cb8430-9fc5-4e19-b46d-24fa216e6810,abbotcy.com,resell,,,high,high,7,"Gabia, Inc.",15/07/2020 18:17,15/07/2027 18:17,26/09/2026 01:18
a36e4662-a7dd-478d-a526-182d38c6a7e2,workingmen.com,premium,,,medium,low,10,"GoDaddy.com, LLC",18/05/1998 04:00,17/05/2026 04:00,
1b24382a-fda4-46d9-b2fd-8495923eea01,tumbling.com,resell,,,high,low,8,GoDaddy Online Services Cayman Islands Ltd.,25/07/1998 04:00,24/07/2027 04:00,26/09/2026 09:48
7a0b93f9-41d7-4d22-80bc-089e5f0ff46e,premised.com,premium,,,high,high,8,"GoDaddy.com, LLC",07/12/2007 05:09,07/12/2025 05:09,
a0ddae04-560a-40f8-94bd-c26eb5d85d21,betula.com,resell,,,medium,low,6,"Megazone Corp., dba HOSTING.KR",30/03/2001 11:33,30/03/2027 10:33,26/09/2026 04:23
a85da5c6-87e7-4b80-a71a-54d9f6546eb3,nonminority.com,available,,,high,high,11,,,,
67faecf1-bb0e-42b6-a5a5-14bc36fe0b86,anechoic.com,resell,,,medium,low,8,Strange Domains LLC,01/07/1998 04:00,30/06/2027 04:00,26/09/2026 03:52
ef347790-3d72-4973-a686-f3810b15e5e9,gravestone.com,resell,,,high,high,10,"GoDaddy.com, LLC",08/01/1999 05:00,08/01/2030 05:00,26/09/2026 06:29
f43edfdb-9031-43e1-82e2-0c6be9d253c2,grainfield.com,resell,,,high,high,10,"GoDaddy.com, LLC",05/08/1997 04:00,04/08/2027 04:00,26/09/2026 06:28
c8af1f6e-f26e-44ac-a6c4-f0ca062b513c,kiddyish.com,available,,,high,high,8,,,,
273a8474-c67b-4cb1-b8d7-aa5058807aa9,uptill.com,resell,,,low,low,7,"GoDaddy.com, LLC",09/06/2012 18:35,09/06/2027 18:35,26/09/2026 09:54
923db95d-50ad-41be-a9d7-b6734d0485d8,nonspanish.com,available,,,high,high,11,,,,
b70b2232-f6cc-44e6-91da-674255473a66,fashions.com,resell,454250,17.99,high,low,8,"GoDaddy.com, LLC",03/05/1995 04:00,04/05/2033 04:00,26/09/2026 06:01
d71923cb-6161-46b6-9d2b-9ec8e9cbcbf5,tory.com,resell,,,high,high,4,"GoDaddy.com, LLC",01/10/2025 18:36,01/10/2027 18:36,26/09/2026 09:41
4a1e25b6-c197-4ea7-a020-5e8702b8afd6,digitizer.com,resell,,,high,low,9,Atom.com Domains LLC,09/07/2020 18:30,09/07/2028 18:30,26/09/2026 05:33
5b518ed7-1d66-49ec-9ef3-e4a95169d9f9,kinnerley.com,available,,,high,high,9,,,,
2cab9edf-6814-4541-9fa2-ce9ca498844a,barthelme.com,resell,,,medium,low,9,"GoDaddy.com, LLC",14/01/2004 19:29,14/01/2027 19:29,26/09/2026 04:17
0534dfc4-fb4e-4c6f-9766-42b16536cc17,metallodrug.com,available,,,high,high,11,,,,
8d19be2c-b83a-4181-a5c1-c14ca0a3dddb,giavanna.com,resell,,,high,high,8,"GoDaddy.com, LLC",15/08/2000 00:00,15/08/2034 00:00,26/09/2026 06:22
99bfb3d5-a73a-434f-ab4d-5d64f712a717,elkton.com,resell,,,high,high,6,Dynadot Inc,26/09/2000 15:47,26/09/2027 15:47,26/09/2026 05:48
1b306721-ee46-4d27-be8d-e89999a8f6cc,ica.com,resell,,,high,low,3,Atom.com Domains LLC,10/10/1992 04:00,09/10/2027 04:00,28/09/2026 16:04
ba6c6132-1db8-48a0-956e-0298f23b3eff,amiably.com,resell,,,medium,low,7,Unstoppable Domains Inc.,03/06/2014 18:00,03/06/2027 18:00,26/09/2026 03:50
efac879c-d1c9-4550-998d-9c0209a362c8,underorder.com,available,,,high,high,10,,,,
7fce282c-ce21-4045-a37f-d750c41bfa43,beaut.com,resell,,,high,low,5,"Spaceship, Inc.",26/03/1997 05:00,27/03/2027 04:00,26/09/2026 04:19
da80e941-bdcf-4fb4-9d7b-eab7115795d2,exuviate.com,resell,,,high,high,8,"Spaceship, Inc.",04/02/2025 11:47,04/02/2027 11:47,26/09/2026 05:58
819491aa-efd4-45ec-a9d5-50292fe25451,psychologist.com,resell,,,high,low,12,"NameCheap, Inc.",18/06/1997 04:00,17/06/2027 04:00,26/09/2026 08:24
8efa6932-54ea-40cc-bf48-235c65dc2df7,excel.com,resell,,,high,low,5,"GoDaddy.com, LLC",09/01/1998 05:00,08/01/2027 05:00,26/09/2026 05:56
13fd0cd8-246e-4299-b79d-ba1f0575a373,exaltation.com,resell,,,high,high,10,GoDaddy Online Services Cayman Islands Ltd.,14/04/1998 04:00,13/04/2027 04:00,26/09/2026 05:55
bf4afe23-3095-4b11-8278-01edc7d0df4f,holdalls.com,resell,,,low,low,8,Dynadot Inc,09/05/2025 18:20,09/05/2028 18:20,26/09/2026 06:41
ada985b9-ba60-4c19-ab38-4e8736ee2297,hardtop.com,resell,,,high,high,7,GoDaddy Online Services Cayman Islands Ltd.,25/06/1998 04:00,24/06/2027 04:00,26/09/2026 06:35
bf6ff557-122f-4fc1-ba4d-28d3d0369589,wriststrap.com,resell,,,medium,low,11,Dynadot Inc,06/12/1999 21:18,06/12/2027 21:18,26/09/2026 10:14
115031ce-498c-43b5-a197-dfc875971db3,raindrops.com,resell,,,high,medium,9,"NameCheap, Inc.",14/03/1998 05:00,13/03/2027 04:00,26/09/2026 08:29
12880f53-e50a-4774-8f5c-543e61f268d9,unhooking.com,premium,,,high,high,9,Annulet LLC,15/08/2011 13:14,15/09/2025 11:59,
e1c3f077-4d01-4f41-a07d-6cbab0336deb,emamqoli.com,available,,,high,high,8,,,,
02061571-9879-4181-8123-1a1c98d867ab,ouch.com,resell,,,high,high,4,"NameSilo, LLC",24/07/2003 19:03,24/07/2028 19:03,26/09/2026 07:57
b5fb67d6-211f-44ab-b318-d9f7ab010e34,trades.com,resell,,,high,low,6,"GoDaddy.com, LLC",28/09/1995 04:00,27/09/2029 04:00,28/09/2026 03:42
612a01d3-830d-4c2f-b369-1c18f09ee4bf,bulletproofness.com,available,,,medium,low,15,,,,
3a2948d7-8eb5-4b7b-bbec-b08d399f3dd8,colourimetric.com,available,,,high,high,13,,,,
8c190224-860f-422b-843b-125e2feb36c3,diverging.com,resell,,,medium,low,9,Dynadot Inc,25/02/2000 11:39,25/02/2027 11:39,26/09/2026 05:36
2db0abbb-8fb4-4343-867b-c82c948c2764,dominion.com,resell,,,high,low,8,101domain GRS Limited,21/12/1994 05:00,15/08/2036 04:18,26/09/2026 05:39
8ebdf086-f24d-46f1-abfa-cdc9a47616fb,sensually.com,resell,,,medium,low,9,Moniker Online Services LLC,07/03/2000 12:33,07/03/2027 12:33,26/09/2026 08:55
556a1da4-70d1-4732-b530-7fda407eecc5,debate.com,resell,,,high,low,6,"GoDaddy.com, LLC",16/01/1998 05:00,15/01/2027 05:00,26/09/2026 05:27
40ccb148-61c2-4ff6-9c66-d3f62545d0b1,gooney.com,resell,,,medium,low,6,"NameCheap, Inc.",10/11/1999 11:57,10/11/2026 11:57,26/09/2026 06:27
d69e0975-fa76-46ac-8cd1-344518e45b8e,acierage.com,resell,,,high,high,8,TuringSign Inc. d/b/a Cosmotown,14/02/2019 19:38,14/02/2027 19:38,26/09/2026 01:21
27c35f7b-4dc2-4139-baf9-a4afa80e6059,sexually.com,resell,,,medium,low,8,"GoDaddy.com, LLC",30/07/1997 04:00,29/07/2027 04:00,26/09/2026 08:57
078974b3-8b56-4fd0-8b40-ec73e6a95172,dulcorate.com,resell,,,high,high,9,"GoDaddy.com, LLC",30/03/2006 21:30,30/03/2027 20:30,26/09/2026 05:43
ba29d4fd-9c40-47e5-98df-b5801662303c,heartsick.com,premium,6382.09,19.99,medium,low,9,Annulet LLC,10/08/2003 18:22,10/08/2027 18:22,11/08/2026 05:30
b5cddf83-30d7-4ed2-84a0-2918cc31560b,goodhumoredly.com,available,,,high,high,13,,,,
7e61456f-2642-4400-8964-ca65350bd10d,lavern.com,resell,,,high,high,6,"GoDaddy.com, LLC",03/12/2003 19:18,03/12/2026 19:18,26/09/2026 07:09
a1e741d4-2660-480a-8eec-7c3986d4e32c,discretely.com,resell,,,high,high,10,"TurnCommerce, Inc. DBA NameBright.com",07/04/2003 22:19,07/04/2027 22:19,26/09/2026 05:35
a3497c28-8a0a-4a75-9d4f-248f23b7b5b5,clammy.com,resell,,,medium,low,6,"NameSilo, LLC",07/04/2002 23:06,07/04/2027 23:06,26/09/2026 04:57
aa3324ae-36ee-44f8-a2ce-90d24b727a95,fictionalize.com,resell,,,high,high,12,"GoDaddy.com, LLC",25/07/2003 18:19,25/07/2027 18:19,26/09/2026 06:04
57ed771e-8bc2-4050-bb86-3ac10daec6b4,toodeloo.com,resell,,,high,high,8,Key-Systems GmbH,06/05/2000 23:42,06/05/2027 23:42,26/09/2026 09:40
d177a694-9464-4e2a-976c-3f9216820fa0,squawbush.com,available,,,high,high,9,,,,
4b13b9cf-afff-4d80-bf2f-0d976ed2a349,responds.com,resell,,,medium,low,8,Key-Systems GmbH,30/06/2001 10:36,30/06/2027 10:36,26/09/2026 08:38
e17f0968-61dc-41ba-8d75-d26937c3a85c,coffin.com,resell,,,medium,low,6,"GoDaddy.com, LLC",27/02/1998 05:00,26/02/2027 05:00,26/09/2026 05:06
30416bb2-eb2d-43bd-9403-bfb78d00f09a,overdramatic.com,resell,,,high,high,12,"GoDaddy.com, LLC",14/09/2003 18:41,14/09/2027 18:41,26/09/2026 07:58
a911df7a-982a-4087-b75a-6f686dd23483,desulphur.com,available,,,high,high,9,,,,
4d5396b5-a1dd-4d35-8593-4c6a90e5edba,overdress.com,resell,,,medium,low,9,"GoDaddy.com, LLC",12/07/2020 18:30,18/06/2027 11:59,26/09/2026 07:58
dc709e22-5ddc-4342-b5b4-6179ea8c4338,dictionarylike.com,available,,,high,high,14,,,,
f57a29a7-0335-4f24-8f6d-4ccbd47f86cc,towards.com,premium,207287.5,,high,low,7,"GoDaddy.com, LLC",19/01/2000 19:28,19/01/2027 19:28,
4348f714-504c-466e-bfaf-421d4c744ad3,egotistic.com,resell,,,medium,low,9,"Domain Guardians, Inc.",30/03/2001 11:45,30/03/2027 10:45,26/09/2026 05:46
2ea03a48-13b1-455c-9947-c71ee5caab3f,thumbtip.com,resell,,,high,high,8,"GoDaddy.com, LLC",08/02/2000 19:58,08/02/2028 19:58,26/09/2026 09:37
10a095c2-8c92-41bd-95f0-fe0883ea5dc5,tapemaking.com,available,,,medium,low,10,,,,
ef706dd1-6e88-44e4-86a7-6bef0144f400,squat.com,resell,,,high,low,5,"GoDaddy.com, LLC",17/10/1997 04:00,16/10/2029 04:00,26/09/2026 09:14
315b3f56-ffe8-44ff-80a2-7c9530a14e33,tanganyikan.com,available,,,high,high,11,,,,
1d624dc0-d59f-4779-8e1f-6a68ed9a8f30,almighty.com,resell,,,high,low,8,"GoDaddy.com, LLC",10/05/1997 04:00,11/05/2029 04:00,26/09/2026 03:48
cac2f036-c95f-4131-81f6-02130afacdf6,catchalls.com,resell,,,low,low,9,"TurnCommerce, Inc. DBA NameBright.com",14/08/2017 18:04,14/08/2027 18:04,26/09/2026 04:48
49d47cd6-7d8d-44a8-bf9a-3a23e5dfb18b,iguana.com,resell,,,high,high,6,Atom.com Domains LLC,19/12/1991 05:00,18/12/2028 05:00,26/09/2026 06:48
b93a3d6d-1dbe-4987-840b-2ae035bad71a,ascendence.com,resell,,,medium,low,10,"Gabia, Inc.",05/04/2001 10:42,05/04/2027 10:42,26/09/2026 04:03
0f313850-6441-4574-90ff-fdce8e5f584c,reclarify.com,resell,,,high,high,9,"GoDaddy.com, LLC",23/05/2009 21:35,23/05/2027 21:35,26/09/2026 08:32
cb066b22-98b3-4981-9ae1-c6b0961de7d3,inspissate.com,premium,,,high,high,10,"Chengdu West Dimension Digital Technology Co., Ltd.",26/12/2021 19:27,26/12/2025 19:27,
b69b16fd-dda4-4a5d-ac31-4c33d26bc4a8,fellowships.com,resell,,,medium,low,11,"GoDaddy.com, LLC",01/05/1998 04:00,17/12/2026 11:59,26/09/2026 06:03
805ea815-0593-420a-9a6b-1974eb9857f0,punitory.com,resell,,,high,medium,8,"GoDaddy.com, LLC",29/03/2021 18:26,29/03/2028 18:26,26/09/2026 08:25
5c36856a-b6dd-4be6-a49f-ebf46bcd0484,monorchism.com,available,,,high,high,10,,,,
ab20518d-d38e-4aa0-824e-89223891082b,dreamware.com,resell,,,high,high,9,"GoDaddy.com, LLC",27/01/2017 19:58,27/01/2027 19:58,26/09/2026 05:41
cbfaf779-b74f-4290-b080-8db14af7b484,perfidy.com,resell,,,medium,low,7,"NameSilo, LLC",20/06/2003 18:23,20/06/2027 18:23,26/09/2026 08:06
14116fe7-384c-48ab-a3eb-10f08a9671fe,granuloma.com,resell,,,high,medium,9,"GoDaddy.com, LLC",03/07/1999 04:47,03/07/2027 04:47,26/09/2026 06:28
fe498deb-5ff9-4c4b-b641-9e6b1d80d435,limp.com,resell,,,medium,low,4,"Sea Wasp, LLC",10/09/1996 04:00,09/09/2027 04:00,26/09/2026 07:14
e501eb4e-6d69-4bc9-a383-6243fcab00a7,immemorially.com,available,,,high,high,12,,,,
3d01356f-6a2f-41a1-8189-9427c652e1d2,frenzied.com,resell,,,medium,low,8,Dynadot Inc,13/09/2001 18:06,13/09/2027 18:06,26/09/2026 06:15
fb4e3d0c-3eb3-4da7-8c50-5897bae232ab,klaukkala.com,resell,,,high,high,9,"GoDaddy.com, LLC",25/06/2005 18:29,25/06/2027 18:29,26/09/2026 07:06
b9934427-183f-45fd-a26f-d2267405dc8a,bodycolor.com,resell,,,high,high,9,"Megazone Corp., dba HOSTING.KR",30/11/2010 20:02,30/11/2026 20:02,26/09/2026 04:31
1e0bdfdf-ac33-43db-838f-b64ec7118800,oxtail.com,resell,,,high,high,6,Dynadot Inc,09/03/2003 19:23,09/03/2027 19:23,26/09/2026 07:59
e63fdeaf-77d7-4d9e-b10f-4cf1c8c73520,auspiciously.com,resell,,,high,high,12,"Domain.com - Network Solutions, LLC",11/04/2007 18:31,11/04/2028 18:31,26/09/2026 04:08
1b3e3e7d-ae3e-4f45-b490-a03cb64617be,mistresshood.com,available,,,medium,low,12,,,,
d3bfffe2-2018-45bb-9472-227497b2b1a1,fruitshop.com,resell,,,high,high,10,"GoDaddy.com, LLC",10/12/2000 11:40,10/12/2026 11:40,26/09/2026 06:16
b1e04c2a-3fc7-46ed-bfa1-9c2ac917a44e,divorcing.com,resell,,,low,low,9,"Spaceship, Inc.",05/05/1998 04:00,04/05/2036 04:00,26/09/2026 05:37
09a43dba-b7a4-4483-8edd-2f3b8a9068a7,genesitic.com,available,,,low,low,9,,,,
d4650792-6e11-4a7e-9246-b565477d8480,petronius.com,resell,,,high,high,9,Dynadot Inc,05/08/2001 10:45,05/08/2027 10:45,26/09/2026 08:07
9af1f98c-ec4d-4bfb-b08f-9edc11b46a53,couchancy.com,available,,,high,high,9,,,,
fd053764-4ab1-4678-976e-e46b2253272b,midtracheal.com,available,,,medium,low,11,,,,
b1582acc-ff42-4519-86f4-098aa9e3b828,unrealised.com,resell,,,medium,low,10,"Name.com, Inc.",12/05/2006 04:21,12/05/2027 04:21,26/09/2026 09:53
ef08dcbd-ebb3-4a4a-a963-1308cac13394,necks.com,resell,,,medium,low,5,Dynadot Inc,27/03/2000 11:51,27/03/2027 10:51,26/09/2026 07:44
e9d55c10-f450-4ba2-bed0-c22728b34216,cagey.com,resell,,,medium,low,5,"GoDaddy.com, LLC",24/11/2012 19:48,24/11/2026 19:48,26/09/2026 04:42
654278e6-9805-46ed-83b3-4fb25331cc75,cartmanian.com,available,,,high,high,10,,,,
58da5725-7566-4bd1-9664-2a174174156e,polyterpene.com,available,,,high,high,11,,,,
2a40ccdc-3422-453a-954c-11783a87274c,gymtok.com,resell,,,high,high,6,Squarespace Domains II LLC,01/05/2015 07:39,01/05/2027 07:39,26/09/2026 06:32
915454c0-3c2f-41a5-86ae-c1523ced9abf,nonfading.com,resell,,,medium,low,9,"GoDaddy.com, LLC",16/11/2005 01:43,16/11/2027 01:43,26/09/2026 07:48
9a303963-d30e-4db7-86af-5dd1d13b7be6,upchuck.com,resell,,,high,medium,7,"GoDaddy.com, LLC",15/05/2003 18:14,15/05/2027 18:14,26/09/2026 09:53
22b8f29d-6a43-4c7e-aea0-9d502e9ec04d,doncaster.com,resell,,,high,low,9,Dynadot Inc,30/07/1995 04:00,29/07/2027 04:00,26/09/2026 05:39
ec9824dd-a414-4381-b084-45f5d8423583,iraki.com,resell,,,medium,low,5,"Inames Co., Ltd.",06/04/2003 18:13,06/04/2027 18:13,26/09/2026 06:57
6281fa00-b744-4542-95f6-376925e0b538,seabag.com,resell,,,high,high,6,Dynadot Inc,01/03/2025 19:01,01/03/2027 19:01,26/09/2026 08:52
a0c5ef44-8b50-41f6-95d7-ce9fb1f1e67a,emanate.com,resell,,,high,high,7,"GoDaddy.com, LLC",04/12/1998 05:00,03/12/2026 05:00,26/09/2026 05:48
70f557d8-b8b9-431d-8126-abf9cc5b0934,papuan.com,resell,,,medium,low,6,"Inames Co., Ltd.",26/10/2000 11:26,26/10/2027 11:26,26/09/2026 08:01
0dd0e7af-4e9a-4a98-a5a2-b16275957e81,sardinelike.com,available,,,high,high,11,,,,
f6b5d21f-6eb5-4014-95d0-9680dc76b177,gorgan.com,resell,,,high,high,6,"GoDaddy.com, LLC",02/04/2002 13:38,02/04/2028 12:38,26/09/2026 06:27
22598ed5-39a0-41e1-beee-7d7dbc705b30,unalterably.com,available,11.28,18.48,high,medium,11,namecheap,,,25/09/2026 15:02
0fc0ade1-2682-4164-bf61-f661a6ace4e9,heathen.com,resell,,,medium,low,7,Rabbitsfoot.com LLC d/b/a Oxygen.nyc,14/06/1996 04:00,13/06/2027 04:00,26/09/2026 06:37
18ddc300-5b39-48dd-bcc8-e451ca840eb5,unsized.com,resell,,,medium,low,7,"GoDaddy.com, LLC",09/06/2005 18:36,09/06/2027 18:36,26/09/2026 09:53
69852de9-2597-4046-bb60-596dd4f546af,behest.com,resell,,,high,low,6,"GoDaddy.com, LLC",27/05/2011 18:06,27/05/2027 18:06,26/09/2026 04:21
5c6240e9-fe86-49b8-8708-0cce7fc95214,fractions.com,resell,1149999.99,17.99,medium,low,9,GoDaddy Online Services Cayman Islands Ltd.,14/04/1997 04:00,15/04/2029 04:00,26/09/2026 06:13
e51febca-3ed0-4323-8397-1cbc688af8bb,demography.com,resell,224250,19.99,high,low,10,"GoDaddy.com, LLC",04/03/1997 05:00,05/03/2030 05:00,28/09/2026 18:56
65fee81b-3d41-4b93-8afd-2d92b5b0fb6c,bedevil.com,resell,,,medium,low,7,"NameCheap, Inc.",11/06/2014 18:46,11/06/2027 18:46,26/09/2026 04:19
0922a9d6-889d-4e58-917b-dcaea1e647f3,lakefront.com,resell,,,high,high,9,"Network Solutions, LLC",31/08/1995 04:00,30/08/2035 04:00,26/09/2026 07:07
819d5807-2434-49e8-849b-065f69d27405,aglet.com,resell,,,medium,low,5,"GoDaddy.com, LLC",16/02/2008 19:39,16/02/2031 19:39,26/09/2026 01:26
51b48191-dfb5-4275-bd17-4159b6a8203b,gazillionth.com,available,12.99,17.99,high,high,11,name.com,,,
9ce04e5c-5fbb-4b11-9c98-4f7939d0bb86,petalous.com,resell,,,medium,low,8,"GoDaddy.com, LLC",12/08/2005 15:02,12/08/2027 15:02,26/09/2026 08:07
a185a522-6b6c-4b2a-93f2-b46818cdb850,promulgation.com,resell,,,medium,low,12,GoDaddy Online Services Cayman Islands Ltd.,11/06/2003 23:48,11/06/2027 23:48,26/09/2026 08:22
4c7e4d03-0b00-4c8d-8037-7c388a050482,fought.com,resell,,,medium,low,6,GoDaddy Online Services Cayman Islands Ltd.,06/10/2003 18:02,06/10/2035 18:02,26/09/2026 06:13
e75f2e41-fe3f-46d1-827c-a05d56284570,nicety.com,resell,,,high,high,6,Dynadot Inc,01/04/1999 05:00,01/04/2031 04:00,26/09/2026 07:46
3d0f1c71-582f-40e4-8540-b91d81024a2b,oasis.com,resell,,,high,high,5,Atom.com Domains LLC,28/10/1993 04:00,27/10/2031 04:00,26/09/2026 07:51
bf36a1a3-f2ad-426a-85f3-c1e5594be19e,zymoid.com,resell,,,medium,low,6,Dynadot Inc,16/11/2024 05:14,16/11/2027 05:14,26/09/2026 10:17
be6a2c52-80bb-46b0-9c73-44cb03dca0ea,irrupt.com,resell,,,high,high,6,"Go France Domains, LLC",16/07/2010 18:58,16/07/2030 18:58,26/09/2026 06:57
4b37bca1-ccd2-42e5-b3c4-a66bb0309290,lounged.com,resell,,,medium,low,7,Atom.com Domains LLC,15/08/2006 18:33,15/08/2027 18:33,26/09/2026 07:19
4526e418-f75e-481d-a828-5fe1ca078f0b,indictment.com,resell,,,medium,low,10,"GoDaddy.com, LLC",17/01/1999 05:00,17/01/2027 05:00,26/09/2026 06:50
634be019-7c9c-421a-9d47-561e9b1c1c36,narrow.com,resell,,,high,low,6,Moniker Online Services LLC,23/09/1997 04:00,22/09/2027 04:00,26/09/2026 07:42
1f18d075-b4b4-43fd-856d-850d6bc99100,emojilike.com,available,,,high,high,9,,,,
8a209046-8fd0-4756-ad76-599469418ba3,sororitylike.com,available,,,high,high,12,,,,
5221c850-670e-4c75-a666-a69699e72c85,cooperation.com,resell,,,high,low,11,"GoDaddy.com, LLC",04/01/1997 05:00,03/01/2030 05:00,28/09/2026 04:34
31384f71-634e-4cf1-9359-9593fefb346a,abdollah.com,resell,,,high,high,8,DomainSpot LLC,09/07/2000 08:10,09/07/2027 08:10,26/09/2026 01:18
c55bda1f-4323-4b35-9534-1261bb2892e1,sweltering.com,resell,,,medium,low,10,"GoDaddy.com, LLC",15/11/2008 19:10,15/11/2026 19:10,26/09/2026 09:27
e1644a97-7d77-4174-8a50-e81163d19f6f,covey.com,resell,,,high,high,5,"GoDaddy.com, LLC",31/03/2003 19:15,31/03/2029 18:15,26/09/2026 05:18
dc34ee7e-64c4-43b3-a522-f19d571a241d,unseat.com,resell,,,high,high,6,"GoDaddy.com, LLC",20/07/2012 18:38,20/07/2027 18:38,26/09/2026 09:53
816d0c46-bda6-4926-a300-cca7b47164cf,smoothing.com,resell,,,high,high,9,Dynadot Inc,17/05/2001 10:45,17/05/2027 10:45,26/09/2026 09:06
e7da7de1-6165-49c5-bb8f-ed12bac05b1a,cocktailing.com,resell,,,high,low,11,"NameCheap, Inc.",18/07/2001 14:28,18/07/2027 14:28,26/09/2026 05:04
f6660bdc-0c88-4d0c-b84b-b015d21a38c3,bottomward.com,available,,,medium,low,10,,,,
2973f125-6656-4e92-8db5-8ffce15cafb9,spirea.com,resell,,,medium,low,6,"GoDaddy.com, LLC",14/10/2006 18:24,14/10/2029 18:24,26/09/2026 09:13
020490cb-7505-4631-8198-321340b6071b,slatey.com,resell,,,medium,low,6,"TurnCommerce, Inc. DBA NameBright.com",19/04/2008 01:14,19/04/2027 01:14,26/09/2026 09:04
fb5ed885-6a7c-4f3f-ac9a-6c8ca73d34c6,qualifies.com,resell,,,medium,low,9,Porkbun LLC,05/12/1999 13:02,05/12/2028 13:02,26/09/2026 08:26
c205429f-526d-4408-bf0a-1a31685a4a50,blueberrylike.com,available,,,high,high,13,,,,
8b66add3-89a5-45e4-8ce5-8b1e3a656af1,suggested.com,resell,,,medium,low,9,Dynadot Inc,23/02/2000 12:45,23/02/2027 12:45,26/09/2026 09:23
4ebc9b81-753a-42a8-bca8-a93d977f2328,ranchlike.com,available,,,high,high,9,,,,
b77af4b9-31ed-48f7-ba11-2f7946170321,arbitration.com,resell,,,high,high,11,Unstoppable Domains Inc.,05/02/1995 05:00,11/10/2027 11:59,26/09/2026 03:58
78a71cb0-077f-497f-8d50-4e09af7edf54,colorectal.com,resell,,,medium,low,10,"TurnCommerce, Inc. DBA NameBright.com",11/01/1999 05:00,11/01/2028 05:00,26/09/2026 05:07
5e62cc79-b56a-44da-8540-81cb7d976e48,stems.com,resell,,,high,high,5,GoDaddy Online Services Cayman Islands Ltd.,17/08/1994 04:00,16/08/2027 04:00,26/09/2026 09:18
98fca100-20b7-43c4-80ab-ca988d8e7a9a,courteous.com,resell,,,high,low,9,GoDaddy Online Services Cayman Islands Ltd.,07/06/1998 04:00,06/06/2027 04:00,26/09/2026 05:17
7dac9755-cdc6-4be7-82ae-fa1c91e4141a,idealistically.com,resell,,,high,high,14,"Wild West Domains, LLC",15/02/2007 10:53,15/02/2027 10:53,26/09/2026 06:47
020b5fef-33b5-4228-8c6e-864ff653cb75,loads.com,resell,,,high,low,5,NetTuner Corp. dba Webmasters.com,10/12/1996 05:00,09/12/2026 05:00,28/09/2026 15:05
ae1b8966-fad8-422d-85b0-1a8d1f9c0462,savour.com,resell,,,high,high,6,Dynadot Inc,11/03/1997 05:00,12/03/2028 04:00,26/09/2026 08:50
fdd313db-e83c-45de-ac15-656d404dea1d,tilts.com,resell,,,medium,low,5,"NameCheap, Inc.",04/03/2003 19:21,04/03/2029 19:21,26/09/2026 09:38
257f9bfc-2e63-4c23-bc73-45631b9d5b2b,crossruff.com,resell,,,high,high,9,"TurnCommerce, Inc. DBA NameBright.com",29/04/1999 06:43,29/04/2027 06:41,26/09/2026 05:20
4d7a361a-74ba-4493-a329-16a77cfbc730,bermudas.com,resell,,,medium,low,8,"Gabia, Inc.",09/08/2000 10:42,09/08/2027 10:42,26/09/2026 04:22
2afbc6aa-a3bf-4227-b03a-2667bc4bde97,bedaubing.com,available,,,low,low,9,,,,
b8efeb18-7684-4d09-bedc-d487a6013f3e,sauciness.com,resell,,,medium,low,9,"GoDaddy.com, LLC",08/08/2003 22:25,08/08/2027 22:25,26/09/2026 08:49
a0f3e84d-d875-49b2-87cd-1e12c33135c8,shinny.com,resell,,,high,high,6,Alibaba Cloud Computing Ltd. d/b/a HiChina (www.net.cn),30/04/1999 09:16,30/04/2029 09:14,26/09/2026 08:59
f34a4b7b-eda7-4851-9787-e1ccae23a582,cytolytic.com,resell,,,medium,low,9,"GoDaddy.com, LLC",12/01/2020 19:33,12/01/2027 19:33,26/09/2026 05:24
aac5cbcd-2583-40d8-aaf0-65cd1bf0ad3c,whinham.com,available,,,high,high,7,,,,
f921f41d-523f-4f69-9070-231b43572995,divisor.com,resell,,,high,high,7,"GoDaddy.com, LLC",15/06/2003 18:28,15/06/2027 18:28,26/09/2026 05:37
b5eeb30a-a2dc-423d-b016-fdc5907d5769,crabwise.com,resell,,,low,low,8,"GoDaddy.com, LLC",01/04/2003 23:02,01/04/2027 22:02,26/09/2026 05:18
bd6f54b2-1d34-4ae9-b276-1c7576f27429,misdirect.com,resell,,,medium,low,9,"GoDaddy.com, LLC",12/12/2011 19:16,12/12/2026 19:16,26/09/2026 07:34
69c39000-1e5e-4a93-93ad-134b661967ca,soddy.com,resell,,,medium,low,5,"eNom, LLC",24/03/2003 19:09,24/03/2027 18:09,26/09/2026 09:08
8b461ebc-a74a-47c8-8778-88566688321e,hammurabi.com,resell,,,high,high,9,"Spaceship, Inc.",30/03/2002 19:15,30/03/2027 18:15,26/09/2026 06:33
a25d0b5a-847d-4e15-9644-653e1ae37eb8,backchat.com,resell,,,medium,low,8,"GoDaddy.com, LLC",04/02/1998 05:00,03/02/2027 05:00,26/09/2026 04:12
2698f5b4-4c24-488b-bb55-295742eb88f4,casebearing.com,available,,,medium,low,11,,,,
5a78ec1a-2aec-4bed-b1c4-305c333c5f5d,inextricably.com,resell,,,high,high,12,"GoDaddy.com, LLC",21/01/2006 17:34,21/01/2027 17:34,26/09/2026 06:51
8d0c4fd2-d709-4a5a-a670-33d50aa06322,freshmen.com,resell,,,medium,low,8,"GoDaddy.com, LLC",02/08/1995 04:00,01/08/2027 04:00,26/09/2026 06:15
ea4c9554-38f9-4a32-b82a-cd079441f348,passcode.com,resell,,,high,low,8,Dynadot Inc,04/08/1997 04:00,03/08/2027 04:00,26/09/2026 08:03
2b732917-fb94-4614-9cd6-d223c69f0884,hangaround.com,resell,,,high,high,11,"GoDaddy.com, LLC",02/02/1999 05:00,02/02/2028 05:00,26/09/2026 06:34
acbac0ea-719b-4845-af11-88a99f1d1052,scruffy.com,resell,,,medium,low,7,"GoDaddy.com, LLC",27/03/1997 05:00,28/03/2027 04:00,26/09/2026 08:52
268f463c-e86e-41ff-a320-28bcea247bfb,enshrine.com,resell,,,high,high,8,Dynadot Inc,28/09/2002 08:13,28/09/2027 08:15,26/09/2026 05:51
b55e2292-3748-46b5-b688-115d7525a5f2,technopolises.com,available,,,low,low,13,,,,
48869ff2-a230-4210-a022-d7eb3f706503,jiggle.com,resell,,,high,high,6,"GoDaddy.com, LLC",28/02/1996 05:00,01/03/2029 05:00,26/09/2026 07:00
0cf43c64-ead2-46c9-b05d-877d4686eb43,righteous.com,resell,,,high,low,9,"GoDaddy.com, LLC",22/08/2002 01:15,22/08/2030 01:15,27/09/2026 15:12
ad5b6d98-e006-43fc-aa17-e67bf976affd,bionomic.com,resell,,,medium,low,8,Atom.com Domains LLC,19/04/2003 18:09,19/04/2029 18:09,26/09/2026 04:26
4040ff4d-27bf-416e-b75e-b24da2521480,lena.com,resell,,,high,low,4,Dynadot Inc,22/05/1996 04:00,23/05/2027 04:00,26/09/2026 07:12
77eefafd-eca0-4812-8cf4-d08c200eadcb,fortilices.com,available,,,low,low,10,,,,
e8899d66-499f-43e5-9d6c-58d6b0100044,sensitivities.com,premium,,,medium,low,13,Annulet LLC,12/01/2003 05:21,12/01/2026 05:21,
a7d6b722-8643-47c8-9732-f5fb93a58bfe,finickiness.com,available,,,medium,low,11,,,,
ce2b303a-7977-44be-bc48-7729df73bdf5,unsparing.com,resell,,,medium,low,9,"GoDaddy.com, LLC",03/08/2007 13:08,03/08/2027 13:08,26/09/2026 09:53
bf516358-4253-418e-8d78-d0d74a187647,biodefence.com,resell,,,medium,low,10,Dynadot Inc,22/09/2020 18:08,22/09/2027 18:08,26/09/2026 04:26
8a99bf51-d569-46ac-9704-395290b89662,searcheresses.com,available,,,low,low,13,,,,
9fb4a19e-15bf-4bec-92ed-0beed22ee1e2,voicemailbox.com,resell,,,high,high,13,Dynadot Inc,01/04/1996 05:00,02/04/2027 04:00,26/09/2026 10:02
83dd5cbb-ec3e-4e0d-9ffc-df7c15ff6fc0,houndfish.com,premium,,,high,high,9,"DomainAdministration.com, LLC",04/10/2011 18:06,04/10/2025 18:06,
9aebaf71-afe0-4734-ad4c-80bb25c8bd35,toni.com,resell,,,high,low,4,"GoDaddy.com, LLC",14/03/1996 05:00,15/03/2030 04:00,27/09/2026 07:46
16abf916-8c6f-48c9-8f5a-5268f86f3082,erestitution.com,available,,,low,low,13,,,,
b4d7a2e5-4854-41e3-a2f7-2d3546d9fddf,abysm.com,resell,,,medium,low,5,"GoDaddy.com, LLC",18/03/2011 18:48,18/03/2027 18:48,26/09/2026 01:19
3623fd55-c452-4c1a-b2ef-4425bd43c401,serrated.com,resell,,,medium,low,8,"GoDaddy.com, LLC",02/06/1998 04:00,01/06/2030 04:00,26/09/2026 08:56
37e66478-0245-4780-a396-2c285470adaf,daedal.com,resell,,,medium,low,6,"GoDaddy.com, LLC",11/10/1995 04:00,10/10/2027 04:00,26/09/2026 05:24
2bd480a2-f069-47eb-a651-9fc1b895edf2,meercat.com,resell,,,high,high,7,"Spaceship, Inc.",13/03/2014 18:01,13/03/2027 18:01,26/09/2026 07:30
67aef1e8-c097-468e-9314-9a727f35858f,margosa.com,resell,,,medium,low,7,GoDaddy Online Services Cayman Islands Ltd.,02/07/2003 18:26,02/07/2027 18:26,26/09/2026 07:25
62290a30-e4f7-4557-b044-d164ba9c1076,butylate.com,available,,,high,high,8,,,,
a7f46fd0-9ae6-479a-b405-cd4ca7dd5c99,chorister.com,resell,,,high,high,9,Dynadot Inc,13/06/2003 18:18,13/06/2027 18:18,26/09/2026 04:56
c1d09fc3-0b74-4587-a404-23c9cd874568,killer.com,resell,,,high,low,6,"NameCheap, Inc.",20/05/1997 04:00,21/05/2031 04:00,26/09/2026 07:05
06e7b750-8e32-4537-ab49-bf751b6ce97d,bushwhack.com,resell,,,medium,low,9,"TurnCommerce, Inc. DBA NameBright.com",06/12/1999 13:57,06/12/2026 13:57,26/09/2026 04:41
35b9b663-ec26-4d8e-9ccc-3a38c4c6451d,biggish.com,resell,,,medium,low,7,"GoDaddy.com, LLC",22/09/2003 18:22,22/09/2027 18:22,26/09/2026 04:24
6e0c33e7-d09f-4906-ae53-0f7bc3fb7dfd,bart.com,resell,,,high,low,4,Squarespace Domains LLC,22/05/1997 04:00,23/05/2028 04:00,26/09/2026 04:16
5e51627c-1309-4a8d-9765-1d98ae180a27,telecourse.com,resell,,,high,high,10,GoDaddy Online Services Cayman Islands Ltd.,09/06/1998 04:00,08/06/2027 04:00,26/09/2026 09:33
0dede180-8b5c-4a52-aa4c-5b7e02560e2f,balata.com,resell,,,medium,low,6,"Megazone Corp., dba HOSTING.KR",17/05/2002 08:21,17/05/2027 08:21,26/09/2026 04:13
e54ffa3b-8f61-482a-a75e-0f0dfa43575f,geometrylike.com,available,12.99,17.99,high,high,12,name.com,,,
c8104eb7-df22-4377-af73-da0db1b3b753,tailoring.com,resell,247250,19.99,high,high,9,"GoDaddy.com, LLC",20/02/2000 11:41,20/02/2029 11:41,26/09/2026 09:29
e91f45ec-9cec-4119-8c7c-2b9451f8b501,percipient.com,resell,,,high,low,10,"Gabia, Inc.",30/06/2011 18:29,30/06/2027 18:29,26/09/2026 08:06
7a638db7-940c-4926-91e8-7112b0a45389,endowment.com,resell,,,high,low,9,Dynadot Inc,01/04/1998 05:00,31/03/2027 04:00,26/09/2026 05:50
0a23a202-713a-4eca-a5af-6f6b63a32b08,authorizer.com,resell,,,medium,low,10,"NameSilo, LLC",03/03/2004 19:34,03/03/2027 19:34,26/09/2026 04:09
48e3a11c-e9cd-4496-8d41-6e1638c875a3,ordained.com,resell,,,medium,low,8,Dynadot Inc,02/01/1999 05:00,02/01/2027 05:00,26/09/2026 07:56
a9e47aa6-f87b-439b-a8d0-2f8eb3cdafb9,westernmost.com,resell,,,medium,low,11,"GoDaddy.com, LLC",09/07/2003 04:43,30/07/2027 11:59,26/09/2026 10:07
4adc24a4-f30a-4b35-9867-ff8659668c11,nonwartime.com,available,,,medium,low,10,,,,
b0f58620-e1d0-4758-988b-1332cc9ccb57,denied.com,resell,,,low,low,6,,,,27/09/2026 02:21
a570990e-ec1b-4e65-abac-3cc3846b84b2,amphiesmenopteran.com,available,,,high,high,17,,,,
cdcedbcb-26b3-4aa3-9ba6-aac7d2029ac4,picaresquely.com,available,,,high,high,12,,,,
4448ada5-b961-4fd2-a5c8-8790aaf78fa7,smudginess.com,available,,,medium,low,10,,,,
72d017cf-fa2b-43f0-b206-03a6d72ab490,cattish.com,resell,,,medium,low,7,"Gabia, Inc.",03/05/2017 18:44,03/05/2027 18:44,26/09/2026 04:49
5b975253-5d35-4f94-9458-f64934ad1fff,restrengthens.com,available,,,low,low,13,,,,
24e567c5-16ea-4ad1-842b-37f38c41d075,begonia.com,resell,,,medium,low,7,"GoDaddy.com, LLC",19/10/2023 18:00,19/10/2027 18:00,26/09/2026 04:20
81196acb-dd04-47ad-aaec-940e2cb42281,lubbock.com,resell,,,medium,low,7,"GoDaddy.com, LLC",11/05/1998 04:00,10/05/2035 04:17,28/09/2026 10:18
fd61da98-a7dc-4fe4-bdf9-458a73001022,australianizes.com,available,,,low,low,14,,,,
28f8825b-2146-45de-83d3-0e9575c10bd4,kinistino.com,available,,,high,high,9,,,,
a77f1c83-3c00-49cf-8fca-a78c4f2f433a,polytypic.com,resell,,,high,high,9,"Spaceship, Inc.",30/03/2023 18:20,30/03/2027 18:20,26/09/2026 08:14
bd663e3f-6ec7-499d-a515-4ff475a62be8,groundhogese.com,available,,,high,low,12,,,,
bb2d30ff-6760-4c7b-b535-30227937a590,curie.com,resell,1149999.99,19.99,high,low,5,Dynadot Inc,14/02/2001 11:33,14/02/2036 11:33,26/09/2026 05:22
b0d53d9e-26e3-4728-8636-45112f47f0a1,frosted.com,resell,,,high,low,7,"GoDaddy.com, LLC",31/10/2000 11:37,30/06/2027 11:59,26/09/2026 06:16
bff42b84-9c67-4967-9e7d-34a664f7b0ff,approaches.com,resell,,,high,low,10,"GoDaddy.com, LLC",29/03/2014 18:46,29/03/2027 18:46,28/09/2026 06:41
794050bd-4b4b-4261-9992-66b548e72a0e,balkans.com,resell,,,medium,low,7,"Spaceship, Inc.",17/08/2021 18:21,17/08/2031 18:21,26/09/2026 04:14
b62f65cf-b5d8-4310-9162-bd4594a50e56,haslet.com,resell,,,high,high,6,"GoDaddy.com, LLC",29/03/2002 16:51,29/03/2027 15:51,26/09/2026 06:35
6cc0d7de-daca-4f2e-b190-831d086f3e8d,aseptic.com,resell,,,high,low,7,"OnlineNIC, Inc.",20/11/2000 13:43,20/11/2026 13:43,26/09/2026 04:03
c7b594b3-78b7-480b-9ca3-fbce94cd5f67,airscrew.com,resell,,,medium,low,8,"NameSilo, LLC",05/04/2007 18:52,05/04/2028 18:52,26/09/2026 01:28
258b4b87-428a-4ded-a27c-84db24f1be53,inevitable.com,resell,,,high,low,10,Atom.com Domains LLC,18/08/1996 04:00,17/08/2028 04:00,26/09/2026 06:51
e3d7971e-10eb-4d3a-a9f9-081029140ce7,pawed.com,resell,,,medium,low,5,"GoDaddy.com, LLC",22/03/2000 06:03,22/03/2027 05:03,26/09/2026 08:04
a174f015-a0c3-4e11-a66d-88729f264257,animatronically.com,available,,,low,low,15,,,,
c00e1ab4-9f5b-4a1b-bc82-e953c8f2962f,holewort.com,available,,,high,high,8,,,,
4805db82-5f18-4e68-9702-c7e4be970f6f,sunshiny.com,resell,,,high,high,8,Atom.com Domains LLC,01/05/2000 10:59,01/05/2028 10:59,26/09/2026 09:24
4ffa5438-5609-4394-9ff4-79b018e94fde,angiology.com,resell,,,medium,low,9,Dynadot Inc,04/11/2007 19:23,04/11/2032 19:23,26/09/2026 03:52
da62d5e0-636b-4115-907c-f7328a8bf4df,addled.com,resell,,,medium,low,6,Porkbun LLC,11/12/1999 23:56,11/12/2029 23:56,26/09/2026 01:22
bc194b46-ecb2-43cb-b5d1-fbd58c26c4b8,roquets.com,resell,,,low,low,7,"Spaceship, Inc.",04/02/2023 19:09,04/02/2027 19:09,26/09/2026 08:44
c929f1f6-82bd-427a-8581-c85fb45b0146,hayes.com,resell,,,high,low,5,Dynadot Inc,22/11/1991 05:00,21/11/2032 05:00,28/09/2026 05:58
4c0564ac-2e9b-44fc-b1a3-2f232650d64c,antiquity.com,resell,,,medium,low,9,Tucows Domains Inc.,10/07/1998 04:00,09/07/2028 04:00,26/09/2026 03:54
4e906c95-59f2-47f6-840c-b92bb4bdf826,tuskegee.com,resell,,,medium,low,8,,,,28/09/2026 15:29
be7acffb-08a9-45ae-85a3-915db807c04d,accurst.com,resell,,,medium,low,7,UnstoppableUS4 LLC,27/07/2026 21:21,27/07/2027 21:21,26/09/2026 01:20
44e17f3d-edf3-4f01-9f44-530075c1fc82,sunbonnet.com,resell,,,high,high,9,"GoDaddy.com, LLC",07/04/2001 14:03,07/04/2027 14:03,26/09/2026 09:24
eb8814c4-d323-4efe-b30c-2aadab2368a5,stepbrothers.com,resell,,,medium,low,12,"GoDaddy.com, LLC",09/08/2000 15:18,09/08/2027 15:18,26/09/2026 09:18
0d170195-f55a-4785-865c-45ee8e034545,diaphanous.com,resell,,,medium,low,10,"GoDaddy.com, LLC",18/04/2000 20:34,18/04/2027 20:34,26/09/2026 05:33
430afafb-597a-4c32-a2e7-c84926ea889c,avoidance.com,resell,,,medium,low,9,"GoDaddy.com, LLC",02/05/1999 03:48,02/05/2028 03:46,26/09/2026 04:10
889b21f0-c8f2-4937-9ecc-ea6177be4d29,disgrace.com,resell,,,high,low,8,"GoDaddy.com, LLC",21/03/2000 11:45,21/03/2029 10:45,26/09/2026 05:35
8923f5da-3a5a-4fa6-9836-62b3f8b36fba,runproof.com,premium,1184.5,19.99,medium,low,8,"Megazone Corp., dba HOSTING.KR",17/01/2001 11:50,17/01/2028 11:50,22/08/2026 18:28
4d1179ae-f152-4a7d-b37a-651b45bdb870,scintillate.com,resell,,,high,high,11,"GoDaddy.com, LLC",31/07/1998 04:00,30/07/2027 04:00,26/09/2026 08:51
ecadec6f-e795-43f4-ade0-0e4d423fa010,snorkeler.com,resell,,,high,high,9,"Sea Wasp, LLC",19/07/1998 04:00,18/07/2027 04:00,26/09/2026 09:07
9fe2c101-a020-44c8-87f9-d70fb2257828,quietening.com,available,,,high,high,10,,,,
bde48a1d-599d-4ec1-ae94-aac28d5f9f78,postmedication.com,available,,,high,high,14,,,,
6ee75e43-99ef-4aa7-8be0-7460153fb79b,designedness.com,available,,,medium,low,12,,,,
01c9acc5-dee0-4ad9-8165-ab99f213cc6e,loudhailer.com,resell,,,high,high,10,"GoDaddy.com, LLC",19/05/1999 20:48,19/05/2027 20:48,26/09/2026 07:19
15e95924-b91b-4af5-a4e5-2523d7891f6e,salmonlike.com,available,,,high,high,10,,,,
5f0078e5-6528-43a2-b4cd-4c0ff2beea61,irreecha.com,available,,,high,high,8,,,,
0f969745-686d-4679-9d1d-21e3ad6c775e,thereby.com,resell,,,medium,low,7,"Domain Guardians, Inc.",04/04/2004 18:38,04/04/2027 18:38,26/09/2026 09:35
4bd043b5-f8ca-4bb2-a36c-eebaa4ab6e98,smoothed.com,resell,,,medium,low,8,Dynadot Inc,23/04/2010 18:43,23/04/2027 18:43,26/09/2026 09:06
91e56ecf-6db5-41b1-bbfd-9f656e663523,backtransliteration.com,available,,,high,high,20,,,,
834b2029-f8ef-48e5-9166-90db7f6953ab,polyamorist.com,resell,,,high,high,11,UnstoppableUS2 LLC,29/01/2011 14:58,29/01/2028 14:58,26/09/2026 08:14
8d54f274-1b74-4c14-aa96-ff9a1202fe84,thicketbird.com,available,,,high,high,11,,,,
98945ac0-0bd5-45f8-8697-3b0801b85108,bierce.com,resell,,,medium,low,6,GoDaddy Online Services Cayman Islands Ltd.,18/05/2000 01:36,18/05/2027 01:36,26/09/2026 04:24
e0d48579-ea15-4608-a811-95c8181c58e6,radiotherapist.com,resell,,,high,high,14,"TurnCommerce, Inc. DBA NameBright.com",02/12/2002 19:21,02/12/2027 19:21,26/09/2026 08:28
e7d24f68-6d93-4ad4-b3bf-b8bfb1a79d08,abbatial.com,resell,,,medium,low,8,"Gabia, Inc.",07/05/2022 18:07,07/05/2027 18:07,26/09/2026 01:18
75f58080-ba42-4bf7-ae74-1b92ea00f453,seafront.com,resell,,,high,high,8,Dynadot Inc,12/03/1997 05:00,13/03/2027 04:00,26/09/2026 08:52
6b068d27-fbb3-4f1f-9b6a-816cc0564da7,painful.com,resell,,,high,low,7,"GoDaddy.com, LLC",11/01/1999 05:00,11/01/2028 05:00,26/09/2026 07:59
c957e6c2-8d31-40dd-b8b5-f617e39fa2a0,popish.com,resell,,,medium,low,6,Epik LLC,23/03/2003 19:10,23/03/2027 18:10,26/09/2026 08:15
aaf1d0d9-c208-4474-b847-6a117af7a4c0,awfully.com,resell,,,medium,low,7,"GoDaddy.com, LLC",26/09/2006 18:24,26/09/2030 18:24,26/09/2026 04:11
93b7ab66-ff9c-4a02-8472-a3db4cd33355,wharfs.com,premium,,,low,low,6,"TurnCommerce, Inc. DBA NameBright.com",13/03/1999 05:00,13/03/2026 04:00,
677164aa-8f86-40af-9959-c919aa0c7489,nonpsychotic.com,available,,,high,high,12,,,,
6ad0d7bd-6085-40ed-8007-b3ce0145b318,cryptoanalytical.com,resell,11500,19.99,high,high,16,"GoDaddy.com, LLC",30/12/2020 18:51,30/12/2026 18:51,26/09/2026 05:21
86d7f2bd-de6e-4abc-99b1-4879b2984ee3,characterized.com,resell,,,medium,low,13,"GoDaddy.com, LLC",17/05/2001 20:11,17/05/2030 20:11,26/09/2026 04:52
5f284e54-c040-4402-bc0c-d258b7ddd941,millstone.com,resell,,,medium,low,9,"CSC Corporate Domains, Inc.",15/02/1996 05:00,16/02/2027 05:00,26/09/2026 07:33
48367043-86eb-4fa8-8c8a-97dbaaf5354f,jargon.com,resell,,,high,low,6,"GoDaddy.com, LLC",16/10/1995 04:00,15/10/2032 04:00,26/09/2026 06:59
1cc155a3-720e-47cc-82a2-339f141fe521,capacities.com,resell,,,medium,low,10,"GoDaddy.com, LLC",20/01/2003 07:49,20/01/2027 07:49,26/09/2026 04:45
7b6d257b-afcf-4577-b195-080ab0d432fe,shirtlessness.com,available,,,low,low,13,,,,
8906c449-1db5-4ff5-8f2e-b957361cfdf5,bellyache.com,resell,,,medium,low,9,GoDaddy Online Services Cayman Islands Ltd.,09/11/1996 05:00,08/11/2027 05:00,26/09/2026 04:21
cefa54cd-1275-46c2-b5f9-ea2ad563f3f9,euphonious.com,resell,,,medium,low,10,"Gabia, Inc.",03/04/2001 10:54,03/04/2027 10:54,26/09/2026 05:54
a61631c9-642f-46df-a182-7016d6d9bb44,industrially.com,resell,,,high,high,12,"GoDaddy.com, LLC",11/07/2010 17:42,11/07/2027 17:42,26/09/2026 06:51
f1e947dd-c944-48b9-82bf-f8f0222966ac,litanic.com,available,,,high,high,7,,,,
f8a139f8-2d83-4e7b-9457-a6d489f6d926,dogwalking.com,resell,143750,17.99,high,low,10,GoDaddy Online Services Cayman Islands Ltd.,29/07/2001 10:33,29/07/2029 10:33,26/09/2026 05:38
cfd507b9-76d2-4392-89af-530248e96e6b,concertmistress.com,available,,,low,low,15,,,,
77e0601b-aa46-4de7-b086-65ee6eab19f6,throughgoing.com,available,,,high,high,12,,,,
a762cd79-1395-4305-baac-7b0d8dfd785f,prepubescent.com,resell,,,high,high,12,PDR Ltd. d/b/a PublicDomainRegistry.com,10/05/2002 18:28,10/05/2027 18:28,26/09/2026 08:18
6abd8f93-f661-447e-bdba-73734b8496fd,trotted.com,resell,,,medium,low,7,"GoDaddy.com, LLC",09/07/2004 21:30,09/07/2027 21:30,26/09/2026 09:46
24b6d09e-e2db-42c0-9ed0-2533e4bb7429,spurmaking.com,available,,,medium,low,10,,,,
d31a210c-bb95-464d-b5df-ef79a297c0d6,beigeness.com,available,,,high,high,9,,,,
1f556db8-270e-4a67-8750-d31950996c7d,preserving.com,resell,,,high,high,10,GoDaddy Online Services Cayman Islands Ltd.,04/03/1999 05:00,04/03/2027 05:00,26/09/2026 08:18
7e142297-a803-42e3-8c57-470cd03960f8,peaty.com,resell,,,medium,low,5,"GoDaddy.com, LLC",04/01/2000 12:26,04/01/2027 12:26,26/09/2026 08:05
bb1ccc40-5049-4c56-9453-a224e7551dfc,goldmines.com,resell,,,medium,low,9,Dynadot Inc,25/03/1997 05:00,26/03/2027 04:00,26/09/2026 06:26
797ccf9a-3263-4b52-995f-4a0fb868e74e,tautening.com,available,,,high,high,9,,,,
8ac03b62-bbac-4425-bb52-024910663727,carbonatogenesis.com,available,,,low,low,16,,,,
3d7c9a3c-123b-47f6-9ccf-85c12d0057c7,stimulate.com,resell,,,high,low,9,,,,29/09/2026 02:44
03ba1a5d-bd7f-4926-877b-bd60e0410719,counterpoise.com,resell,,,high,high,12,"GoDaddy.com, LLC",16/03/2003 19:04,16/03/2027 18:04,26/09/2026 05:16
dfc30cf8-7ede-4023-a546-84bbfc214188,unfailing.com,resell,40767.5,19.99,high,low,9,GoDaddy Online Services Cayman Islands Ltd.,24/03/2002 19:51,24/03/2027 18:51,26/09/2026 09:51
76d1d48d-7f41-40df-aba5-a0d2627c6344,puritanic.com,resell,,,high,medium,9,"GoDaddy.com, LLC",07/11/2006 19:37,07/11/2030 19:37,26/09/2026 08:25
2983b5bb-8169-40b4-884e-209ddd00fd50,rosetted.com,available,,,medium,low,8,,,,
8fbd568b-8d8c-4b4d-9e5e-8ff8f88d7229,illative.com,resell,,,medium,low,8,"GoDaddy.com, LLC",20/11/2024 21:05,20/11/2026 21:05,26/09/2026 06:48
94eccd14-e4e9-45ea-87f8-8e08ed145638,catkinate.com,available,11.28,18.48,medium,low,9,namecheap,,,11/08/2026 22:09
d3113fb5-c6b5-4c6e-a584-2c30d8037930,floral.com,resell,,,high,low,6,Dynadot Inc,22/05/1998 04:00,21/05/2027 04:00,26/09/2026 06:08
66d34958-228f-44a8-abd9-fdb018147375,keycards.com,resell,,,medium,low,8,"OnlineNIC, Inc.",22/11/1999 23:51,22/11/2026 23:51,26/09/2026 07:04
67da1cae-aa96-4f4a-8670-929666fb9608,interperistaltic.com,available,,,low,low,16,,,,
87075b54-3534-4fc9-87b9-17e1aac28e59,eleanor.com,resell,,,high,low,7,Atom.com Domains LLC,04/03/1996 05:00,05/03/2027 05:00,28/09/2026 03:53
dbb328fc-cda3-47a5-9eb5-cb619b3dfefc,doorkeeper.com,resell,,,high,high,10,"GoDaddy.com, LLC",08/01/2000 22:28,08/01/2027 22:28,26/09/2026 05:39
e896984d-c5f1-4a8b-8f64-61926065430a,predictability.com,resell,,,high,high,14,Unstoppable Domains Inc.,07/06/2001 01:39,07/06/2027 01:39,26/09/2026 08:17
b6e2bf66-e8e8-4358-bea9-57acc2b72f5b,transitively.com,resell,,,high,high,12,"GoDaddy.com, LLC",22/05/2023 18:37,22/05/2027 18:37,26/09/2026 09:44
8a24cd9d-95b6-4fcb-8b60-357cff1e4767,womanish.com,resell,,,medium,low,8,"NameSilo, LLC",17/06/2002 19:32,17/06/2027 19:32,26/09/2026 10:12
624d5315-e139-483b-8f05-0dd83b32095e,impossibly.com,resell,,,medium,low,10,Dynadot Inc,20/04/2001 05:48,20/04/2027 05:48,26/09/2026 06:49
285be5e3-4e89-4fed-b121-c30a8f956322,alphabetiform.com,available,,,high,high,13,,,,
58217ba0-7778-4f79-87ad-e7c24d430d46,telephonic.com,resell,,,high,low,10,"NameSilo, LLC",01/07/2001 23:11,01/07/2027 23:11,26/09/2026 09:33
9e7f7c88-8fff-4141-8c64-c72c24f3bea5,admire.com,resell,,,high,low,6,"GoDaddy.com, LLC",19/05/1997 04:00,20/05/2027 04:00,28/09/2026 03:18
48d32d1e-ff8e-4830-ab83-30cc9eb65bc5,bratislavan.com,available,,,high,high,11,,,,
2e70d32e-4605-4d91-abcd-43183c5e13a9,brassily.com,available,,,high,high,8,,,,
dfa6b9ed-c05b-4bf3-b421-4ae8723f5ed4,fingerwidth.com,available,,,high,high,12,,,,
db5118c9-72a6-409d-9eaa-fb9a4549cfca,counterattitudinal.com,available,,,low,low,18,,,,
7da39bbc-2727-4372-a01e-035a9310ca2b,hedgerow.com,resell,,,high,high,8,"GoDaddy.com, LLC",30/07/1997 04:00,29/07/2027 04:00,26/09/2026 06:37
aef193ba-d43c-4b10-b845-1677991c1ab8,navigable.com,resell,,,medium,low,9,"Gabia, Inc.",28/03/2001 21:00,28/03/2027 20:00,26/09/2026 07:43
c6468b0a-5e06-4ea8-bcf7-d7d5f5a5ab85,jesuit.com,resell,,,high,low,6,"GoDaddy.com, LLC",09/09/2018 18:24,09/09/2032 18:24,26/09/2026 06:59
801cbba2-3266-45d8-87ef-261803b4ac66,burnsian.com,available,,,high,high,8,,,,
dc7fe285-c843-4957-8229-97b538e431cf,palmatifid.com,available,10.98,18.48,medium,low,10,namecheap,,,05/09/2026 00:03
d5f7b0a8-b3a1-4812-bd9c-7e981f766835,reprivatise.com,available,17.29,17.29,high,high,11,namesilo,,,26/09/2026 08:37
97694d71-dd97-473c-99c1-0ee4357bdc0f,comb.com,resell,,,high,low,4,"NameSilo, LLC",07/01/1999 05:00,07/01/2027 05:00,26/09/2026 05:07
0312f8f3-2acd-406e-bce3-04daddea6c47,unsleeping.com,resell,,,low,low,10,"Spaceship, Inc.",14/01/2022 19:02,14/01/2028 19:02,26/09/2026 09:53
29fbba93-6dbe-4dc7-a1e2-7dbbe84a07c8,acth.com,resell,,,medium,low,4,"GoDaddy.com, LLC",21/01/1997 05:00,22/01/2028 05:00,26/09/2026 01:21
ca0b1a98-0b06-49a5-b30e-cc9a43592848,delicately.com,resell,,,medium,low,10,"GoDaddy.com, LLC",11/01/2003 17:25,11/01/2027 17:25,26/09/2026 05:29
f004c9a7-9694-4421-a01a-f93b1cc97138,sprinkled.com,resell,,,medium,low,9,"GoDaddy.com, LLC",18/04/2003 18:21,18/04/2027 18:21,26/09/2026 09:14
a06bfa76-4183-4796-b2fd-ac40f9e61c53,mainiote.com,available,,,medium,high,8,,,,
98e2482f-1d5b-4213-b987-42c5f5aa1dd1,feetlong.com,available,,,high,high,8,,,,
8ef7d25b-4d4e-482b-8c70-6d42328e7d79,prisms.com,resell,281750,17.99,medium,low,6,"GoDaddy.com, LLC",06/01/1999 05:00,06/01/2030 05:00,26/09/2026 08:20
65937088-8e7a-42f0-ab13-8afd63d63a99,absolutizable.com,available,12.99,17.99,low,low,13,name.com,,,
443d7258-6fdd-40f2-9958-02b0d02138b1,lifeless.com,resell,,,medium,low,8,"Spaceship, Inc.",30/05/2000 10:44,30/05/2027 10:44,26/09/2026 07:13
ba158889-b4e0-4425-a4e5-63d8b14b6cd6,dispensers.com,resell,,,medium,low,10,GoDaddy Online Services Cayman Islands Ltd.,17/12/1997 05:00,16/12/2027 05:00,26/09/2026 05:36
55a09675-ca32-4184-aa83-b5bf78d75000,erected.com,resell,,,high,medium,7,GoDaddy Online Services Cayman Islands Ltd.,19/04/1999 04:00,19/04/2027 04:00,26/09/2026 05:52
cb227f56-dd91-4699-880a-7dc14371c3e8,ghurkha.com,available,,,high,high,7,,,,
f16aa3cd-b9d4-4f37-9a30-b8d3c79be12e,harpineer.com,available,,,high,high,9,,,,
a77b19bd-aabf-49b3-bfed-0bea43335a74,fishcakes.com,resell,,,medium,low,9,Unstoppable Domains Inc.,03/08/2003 18:09,03/08/2028 18:09,26/09/2026 06:06
54c50015-878b-4ed9-9a90-0086341bfcec,pubescent.com,resell,,,medium,low,9,GoDaddy Online Services Cayman Islands Ltd.,30/08/1998 04:00,29/08/2030 04:00,26/09/2026 08:24
a7b8b6fa-44c5-4cc1-b620-1a7e39aa2400,shags.com,resell,,,medium,low,5,"GoDaddy.com, LLC",14/02/2001 11:36,14/02/2027 11:36,26/09/2026 08:57
1db8eee4-2894-4b89-a31f-f166b0055f4b,accumbents.com,available,12.99,17.99,low,low,10,name.com,,,
3d7b2c71-edfd-4c46-a579-6720e1a43973,sari.com,resell,,,high,high,4,Dynadot Inc,03/02/1998 05:00,02/02/2028 05:00,26/09/2026 08:49
f476dd35-416b-4f08-b63e-b4dba80735cc,alike.com,resell,,,high,low,5,"NameSilo, LLC",15/05/1997 04:00,16/05/2028 04:00,26/09/2026 03:47
0a2b68d6-8abe-4f2b-8567-4331db551326,death.com,resell,,,high,low,5,"GoDaddy.com, LLC",29/12/1997 05:00,28/12/2026 05:00,26/09/2026 05:27
bc857bc0-e1f7-4c07-a8d6-61a2f1c6533c,slowly.com,resell,,,medium,low,6,Dynadot Inc,06/04/1998 04:00,05/04/2027 04:00,26/09/2026 09:05
80ca26cf-e838-4d8b-a223-2e8bb9c1dd0c,saltmaking.com,available,17.29,17.29,medium,low,10,namesilo,,,26/09/2026 08:47
6addb95e-c550-4877-b35d-f4ddfd6c2fd0,animatronics.com,resell,,,high,low,12,"GoDaddy.com, LLC",27/09/1997 04:00,26/09/2030 04:00,26/09/2026 03:53
b1ec96d2-37d1-460c-9558-a7055c5a380c,younging.com,resell,,,high,high,8,"GoDaddy.com, LLC",30/06/2012 18:01,30/06/2031 18:01,26/09/2026 10:16
b4d668ed-e2cb-43ec-aa44-06b41502d449,gowkthrapple.com,available,,,high,high,12,,,,
6b539dc3-c6e5-49dc-8e7b-80336acea5cb,minimall.com,resell,,,high,medium,9,"GoDaddy.com, LLC",14/11/1995 05:00,13/11/2026 05:00,26/09/2026 07:34
0e9ffe83-2159-4384-a814-caf7d68956c1,interoperably.com,resell,,,high,high,13,"GoDaddy.com, LLC",03/05/2021 10:57,03/05/2027 10:57,26/09/2026 06:55
e73dba73-7b16-4cba-8e04-ada72ccf3356,rebook.com,resell,,,high,high,6,GoDaddy Online Services Cayman Islands Ltd.,14/04/2003 18:22,14/04/2029 18:22,26/09/2026 08:31
2adf753e-689a-4b93-b61a-44664a3524db,disappointed.com,resell,,,medium,low,12,INWX GmbH,06/07/1998 04:00,05/07/2027 04:00,26/09/2026 05:35
56d9f98c-617f-4862-b64e-deaf3e5f0afc,nitrous.com,resell,,,medium,low,7,GoDaddy Online Services Cayman Islands Ltd.,26/09/1996 04:00,25/09/2027 04:00,26/09/2026 07:47
deb66645-fe15-4d3d-a6d9-0d51f7a9cdef,displaced.com,resell,,,high,high,9,"Spaceship, Inc.",06/03/2001 11:32,06/03/2027 11:32,26/09/2026 05:36
18625496-a6cb-4673-88d6-eb3ccf19d37e,immortally.com,resell,,,high,high,10,"Name.com, Inc.",26/01/2014 21:02,26/01/2027 21:02,26/09/2026 06:49
c7c03c30-108f-400a-8c48-43b2ba434eae,kinlocheil.com,available,,,high,high,10,,,,
0a3b5408-d5a6-4a8e-8add-551ff8fff9a3,namtap.com,available,,,high,high,6,,,,
2159293e-a1e1-44ad-8679-06446d87f123,stormbound.com,resell,,,low,low,10,"Sea Wasp, LLC",22/08/2003 21:01,22/08/2027 21:01,26/09/2026 09:20
720cfebf-0c6d-409b-b02e-eaa92fe83891,oozing.com,resell,,,medium,low,6,Dynadot Inc,28/06/1998 04:00,27/06/2027 04:00,26/09/2026 07:54
74c5b970-c956-486d-83fe-9d9cb3df8f55,worthless.com,resell,,,medium,low,9,"eNom, LLC",17/04/1998 04:00,16/04/2027 04:00,26/09/2026 10:14
dd468ede-2c10-43de-8e35-bf2162b8b151,shapeless.com,resell,,,medium,low,9,"GoDaddy.com, LLC",07/06/1998 04:00,06/06/2027 04:00,26/09/2026 08:57
bc154344-8b0f-4ceb-a242-4e7e66773110,monastery.com,resell,,,high,low,9,"GoDaddy.com, LLC",07/05/1998 04:00,17/12/2026 11:59,28/09/2026 19:54
26339a6a-af69-4235-9e7a-66943ad1d6d8,winetaster.com,resell,,,high,high,11,"GoDaddy.com, LLC",30/12/1997 05:00,29/12/2026 05:00,26/09/2026 10:10
655eaa2f-eef2-4e21-9388-902d4e24eb9d,maharashtra.com,resell,,,medium,low,11,,,,29/09/2026 03:41
5a2c2a7d-0b9f-4499-90f4-c7fecac6b52c,esurveillance.com,resell,,,low,low,14,Porkbun LLC,14/03/2010 18:52,14/03/2027 18:52,26/09/2026 05:54
b5f64605-d033-40fc-ba0b-e43c7414d981,sugared.com,resell,,,medium,low,7,"NameSilo, LLC",09/04/2002 14:46,09/04/2027 14:46,26/09/2026 09:23
bd2c6011-2bed-46c5-80c9-0ab96cfaf6a5,twitched.com,resell,,,low,low,8,Dynadot Inc,08/02/2000 18:46,08/02/2036 18:46,26/09/2026 09:49
d117caed-1725-4a4b-be3a-9c630c06ff0a,peepaw.com,premium,,,high,high,6,Annulet LLC,15/03/2006 01:26,15/03/2026 00:26,
426e2f75-55f0-46aa-a83c-17cf9abd1f7b,semiequally.com,available,,,low,low,12,,,,
9ea70148-8c91-408b-95e2-85f758fef48f,ocular.com,resell,,,high,low,6,Atom.com Domains LLC,18/08/1994 04:00,17/08/2029 04:00,26/09/2026 07:51
3eca44c5-133c-45eb-8c6c-ba5a7c8e50cf,introductory.com,resell,,,high,low,12,Dynadot Inc,10/01/1999 05:00,10/01/2027 05:00,26/09/2026 06:56
3921fcb7-5ad0-4630-b938-e2d9d07796c6,albescent.com,resell,,,medium,low,9,"GoDaddy.com, LLC",02/06/2013 21:30,02/06/2027 21:30,26/09/2026 01:28
69aaa66e-fd79-460f-b52a-3738577878dc,mokulu.com,resell,,,high,high,6,"GoDaddy.com, LLC",18/09/2008 17:46,18/09/2027 17:46,26/09/2026 07:36
00c629d3-cd59-47fc-a9e5-1db30d986d03,pen.com,resell,,,high,low,3,"CSC Corporate Domains, Inc.",20/05/1997 04:00,21/05/2027 04:00,27/09/2026 03:22
4c4f268a-b1da-480c-b0b8-f3b2ab268dce,twelfths.com,resell,,,low,low,8,"Wild West Domains, LLC",08/12/2004 15:30,02/10/2027 03:59,26/09/2026 09:49
d2047925-5a64-4974-ac84-edb6a11465c4,metallize.com,resell,,,high,high,9,"Spaceship, Inc.",11/09/2018 18:35,11/09/2027 18:35,26/09/2026 07:31
8f9239c9-556d-4c7e-ae57-83f7b0219141,aplite.com,resell,,,medium,low,6,"GoDaddy.com, LLC",12/01/2000 15:40,12/01/2031 15:40,26/09/2026 03:56
9cc0d770-5a2c-49c0-aeca-1c9b0edb7280,dollars.com,resell,,,high,low,7,"GoDaddy.com, LLC",21/06/1995 04:00,20/06/2031 04:00,26/09/2026 05:38
3da6090b-9d02-4be8-977f-71b01fc5d240,arguer.com,resell,,,medium,low,6,"NameSilo, LLC",11/04/2002 09:19,11/04/2027 09:19,26/09/2026 03:59
c0089aa0-8e2d-404d-9a93-84c9b84e6652,ideologically.com,resell,,,high,high,13,Moniker Online Services LLC,08/12/1999 08:54,08/12/2027 08:54,26/09/2026 06:47
c94b3590-04f4-4e41-ac3f-28a1ed2dfaec,anathemise.com,available,12.99,19.99,low,low,10,name.com,,,13/08/2026 16:25
5b8b3133-4bae-49f2-bfa4-8d5d1ff529f6,strumpet.com,resell,,,medium,low,8,"GoDaddy.com, LLC",01/05/1999 16:22,01/05/2027 16:22,26/09/2026 09:21
3ebb897f-9b7e-43ab-a27a-5dc47b3fd9e8,busily.com,resell,,,high,low,6,"TurnCommerce, Inc. DBA NameBright.com",22/01/2003 12:47,22/01/2027 12:47,26/09/2026 04:41
e857b97b-c038-4cd6-9099-4f24b1e33f55,suspiring.com,available,,,low,low,9,,,,
329ee0ea-7fda-4de8-acb2-faa9d3569168,unoffensive.com,premium,,,high,high,11,DropCatch.com 949 LLC,05/06/2025 18:06,05/06/2026 18:06,
e81f2781-ee7e-44c6-b6cf-30132b12cee3,contradictorily.com,available,17.29,17.29,high,high,15,namesilo,,,26/09/2026 05:14
8ab3bde8-6e70-40ed-8217-1581e38ad47f,alphameprodine.com,available,,,high,high,14,,,,
aeb600b7-c859-42a7-b882-0e46386691e7,attempting.com,resell,,,medium,low,10,,,,28/09/2026 12:29
d8bcfc08-9da5-47ee-85d5-3a59ec6a79d4,clause.com,resell,,,high,low,6,"GoDaddy.com, LLC",10/08/1996 04:00,09/08/2027 04:00,26/09/2026 04:58
5a6e11c4-a7a6-49e5-8e19-8c4101a11be8,shovels.com,resell,,,medium,low,7,"GoDaddy.com, LLC",18/11/1999 11:56,18/11/2035 11:56,26/09/2026 09:00
2dbbb23c-202e-4e29-9a2b-21e153e4f4ee,kitinen.com,available,,,high,high,7,,,,
4a8ac717-14bd-4844-8dac-7ca64f5dc4db,rainless.com,resell,,,high,medium,8,"GoDaddy.com, LLC",02/07/2012 18:24,02/07/2027 18:24,26/09/2026 08:29
274b1668-a63f-4e20-b5c0-f006015a9ce0,jobless.com,resell,,,medium,low,7,"GoDaddy.com, LLC",12/06/1996 04:00,19/02/2027 15:00,26/09/2026 07:00
26dc21ba-7d14-41d5-9cb9-ade163b10686,moorbird.com,resell,,,high,high,8,"GoDaddy.com, LLC",13/04/2020 02:40,13/04/2027 02:40,26/09/2026 07:38
4b537349-ccd4-4ff7-81bb-2c9361beb71b,unturned.com,resell,,,medium,low,8,"GoDaddy.com, LLC",29/06/2002 10:33,29/06/2029 10:38,26/09/2026 09:53
545dff19-9bee-4dd3-bbbe-0744de08499c,anorectal.com,resell,,,medium,low,9,"GoDaddy.com, LLC",16/07/2019 18:27,16/07/2027 18:27,26/09/2026 03:53
f73ed173-1fa8-48ef-9c77-ce01f8ca0cca,backhand.com,resell,,,high,low,8,"GoDaddy.com, LLC",06/03/1998 05:00,05/03/2028 05:00,26/09/2026 04:12
aea6f743-7ad2-436e-9f4f-c296560f7fc0,cantonese.com,premium,,,high,high,9,"eNom, LLC",03/04/2001 10:47,03/04/2026 10:47,
edfba154-fe18-4ba8-a039-6afd1d461ada,rafts.com,resell,,,high,low,5,"GoDaddy.com, LLC",12/12/1997 05:00,11/12/2027 05:00,26/09/2026 08:28
bac7944d-5c61-465f-b104-808838cb4c7a,perambulator.com,premium,,,high,high,12,"GoDaddy.com, LLC",13/05/2001 11:44,13/05/2026 11:44,
b291496c-dac3-4093-abe1-0d8cf7c32921,estate.com,resell,,,high,low,6,"GoDaddy.com, LLC",18/08/1994 04:00,03/02/2030 06:53,26/09/2026 05:53
db2eca04-1fea-4ebd-91eb-d868989eb8d9,speeds.com,resell,,,medium,low,6,"Sea Wasp, LLC",14/06/2001 10:32,14/06/2027 10:32,26/09/2026 09:12
639eff59-94b8-4999-a552-ab295ecb9559,nonafrican.com,available,,,high,high,11,,,,
6c5b6e46-9482-4d06-b352-6bbffc2ce17b,antapex.com,resell,,,medium,low,7,"GoDaddy.com, LLC",14/12/2000 11:39,14/12/2026 11:39,26/09/2026 03:54
e0820680-d5cc-40dd-a28a-cb2a095d0c08,inweave.com,premium,,,high,high,7,"GoDaddy.com, LLC",05/05/1998 04:00,04/05/2026 04:00,
f3dc3049-c9ee-41e9-a08c-1323d94f7a94,buffets.com,resell,,,medium,low,7,"GoDaddy.com, LLC",13/02/1998 05:00,15/12/2026 11:59,26/09/2026 04:39
8b6cf6b0-20bb-41d5-89a2-50c2de736b78,congenial.com,resell,,,high,low,9,"Gabia, Inc.",09/08/2000 10:32,09/08/2027 10:32,26/09/2026 05:11
7f02904d-31d0-4d64-aa4d-0af63dc9a077,palau.com,resell,,,high,high,5,"GoDaddy.com, LLC",11/06/2001 10:37,11/06/2027 10:37,26/09/2026 08:00
8435bcf3-4152-4856-992f-954821ca8f7b,nanorobotics.com,resell,,,high,medium,12,"GoDaddy.com, LLC",15/06/2002 12:00,15/06/2032 12:00,26/09/2026 07:42
71fe878b-b6ad-455e-84c3-f2b7ca54e962,faience.com,premium,,,high,high,7,"GoDaddy.com, LLC",13/05/2005 18:02,13/05/2026 18:02,
c82539c8-0986-4f5c-8e8a-58622a75c815,lilac.com,resell,,,high,low,5,Atom.com Domains LLC,22/03/1996 05:00,23/03/2033 04:00,26/09/2026 07:14
b92b79eb-3b1c-48b4-8947-465164e4505d,metalloid.com,resell,,,medium,low,9,"GoDaddy.com, LLC",08/12/2011 19:16,08/12/2026 19:16,26/09/2026 07:31
df179de0-2eed-4a87-aec2-581ac84b7ae3,gladsomeness.com,available,,,medium,low,12,,,,
f95c72fe-8460-4895-aa3f-854e040aabe9,salving.com,resell,,,medium,low,7,"GoDaddy.com, LLC",03/07/2005 15:10,03/07/2027 15:10,26/09/2026 08:48
f5d10014-5f1d-4beb-8344-f849efbd13ab,loving.com,resell,,,high,low,6,"Inames Co., Ltd.",29/08/1995 04:00,28/08/2034 04:00,26/09/2026 07:19
9bcab77e-9b1d-486f-910e-a3cd5dac9f1e,mechanic.com,resell,,,high,low,8,"NameCheap, Inc.",18/06/1997 04:00,17/06/2027 04:00,26/09/2026 07:29
bca78972-b1f4-438b-9110-f891fda9f41c,forgetful.com,premium,62541.6,19.99,medium,low,9,Moniker Online Services LLC,04/04/2001 10:34,04/04/2027 10:34,18/08/2026 11:56
4f888735-ec95-436f-bf53-b6464311559e,fibreboard.com,resell,,,high,high,10,Moniker Online Services LLC,17/05/2002 02:19,17/05/2027 02:19,26/09/2026 06:03
c9af93b3-1dc2-4c75-b932-18d6d8f6df3f,normocephalic.com,available,,,high,high,13,,,,
68df4524-2b1d-4ca9-8b82-c2602899b220,stocked.com,resell,,,high,low,7,"CSC Corporate Domains, Inc.",12/01/2000 19:00,12/01/2027 19:00,26/09/2026 09:19
e2b82d15-8dfa-43c9-9796-036caefc3fab,pammie.com,resell,,,high,high,6,"Network Solutions, LLC",22/07/1999 01:22,22/07/2027 01:22,26/09/2026 08:00
2f5e8318-2235-47fd-80a2-ab992395bddb,wiseness.com,resell,,,high,high,8,"GoDaddy.com, LLC",09/04/2017 18:28,09/04/2027 18:28,26/09/2026 10:11
caa281e7-dba8-43c9-a0af-05c526daec8a,choirmaster.com,resell,,,high,high,11,Dynadot Inc,04/12/2000 11:35,04/12/2026 11:35,26/09/2026 04:55
df45d38f-d85d-4719-985c-2c42672905a4,hoodlum.com,resell,,,high,medium,7,"GoDaddy.com, LLC",29/05/1998 04:00,17/12/2026 11:59,26/09/2026 06:43
f19ad670-d5f7-4852-b0a7-84aba220aec3,yearling.com,resell,,,medium,low,8,"GoDaddy.com, LLC",07/01/1999 05:00,16/01/2029 04:59,26/09/2026 10:15
b6f09af2-87e7-4739-aa97-eb7ab8d27045,emeasoba.com,available,,,high,high,8,,,,
1e5cb837-43fd-4235-9d44-4b32aa004241,royalty.com,resell,,,high,low,7,Dynadot Inc,18/05/1995 04:00,19/05/2032 04:00,28/09/2026 06:43
88e3d335-b07c-4e02-aa00-69ce0d3f6dd4,unpunished.com,resell,,,medium,low,10,"GoDaddy.com, LLC",20/02/2004 14:00,20/02/2027 14:00,26/09/2026 09:52
6362e3d0-12f1-4086-952b-5b528bb87fcc,unabashed.com,resell,,,medium,low,9,"GoDaddy.com, LLC",01/07/1999 04:59,01/07/2027 04:59,26/09/2026 09:50
9c052821-79aa-41cd-a99d-db255e97aad8,pythagorism.com,available,,,high,high,11,,,,
38378e05-db45-4f8c-b952-b70a90fff897,gallopingly.com,available,,,high,high,11,,,,
6ebf00a8-fb78-46be-a900-3913374e68a3,muffled.com,resell,,,medium,low,7,"Sea Wasp, LLC",06/12/2000 11:32,06/12/2026 11:32,26/09/2026 07:40
cce193b5-7eb0-4f84-a119-b31363a7bf54,humility.com,resell,,,high,high,8,GoDaddy Online Services Cayman Islands Ltd.,31/12/1998 05:00,31/12/2026 05:00,26/09/2026 06:46
b4577e2f-082f-482d-af91-6bd6c5987dea,utahs.com,resell,,,low,low,5,"GoDaddy.com, LLC",20/12/1999 09:36,20/12/2026 09:36,26/09/2026 09:55
cd123a8f-8fae-48e0-949b-36b81f8914b0,fertilise.com,premium,,,high,high,9,"GoDaddy.com, LLC",12/11/2003 19:00,12/11/2025 19:00,
ca7411c0-f199-4a0b-b1a7-b08c31f23e8a,aphesis.com,resell,,,medium,low,7,"GoDaddy.com, LLC",17/05/2005 18:35,17/05/2027 18:35,26/09/2026 03:55
38ff27e2-8de2-4d3e-879b-b9603898f131,salable.com,resell,,,high,medium,7,"GoDaddy.com, LLC",26/11/1998 05:00,25/11/2035 05:00,26/09/2026 08:47
cb900e8e-a53e-49af-a9bc-77c178764001,bootikin.com,available,,,high,high,8,,,,
8f4f4d13-e149-451c-8e47-04cda7e6977a,dolorousness.com,available,,,medium,low,12,,,,
45dda76c-21a2-4104-a159-f5d3e3ed2f59,redoubtably.com,available,,,high,high,11,,,,
1a8feb47-7384-4a86-a195-e5e5f29d2f73,outlawed.com,resell,,,medium,low,8,"Name.com, Inc.",10/01/2014 19:11,10/01/2027 19:11,26/09/2026 07:58
1b15b5f1-9039-4a24-839c-3c0eace8a656,accouraging.com,available,12.99,17.99,low,low,11,name.com,,,
54c24e41-425e-40f4-912e-855dae78afa6,entertainers.com,resell,,,medium,medium,12,NetTuner Corp. dba Webmasters.com,19/05/1995 04:00,20/05/2027 04:00,26/09/2026 05:51
6319529c-5123-4519-938d-4bcaa238fc03,passers.com,resell,,,medium,low,7,"GoDaddy.com, LLC",05/08/2004 18:03,05/08/2027 18:03,26/09/2026 08:03
04e2dde8-de8c-49e4-9364-1cf0f0b53fee,implanted.com,resell,,,medium,low,9,"GoDaddy.com, LLC",05/04/1999 04:00,05/04/2027 04:00,26/09/2026 06:49
805173c2-5306-4643-9a7f-44c12623f2d8,muslimism.com,available,,,high,high,9,,,,
068b4d95-a6df-4060-99cb-6b3b002a4963,paneling.com,resell,,,high,high,8,"Sea Wasp, LLC",04/03/1998 05:00,03/03/2027 05:00,26/09/2026 08:01
aabe8224-e5b6-426c-aa37-293ee0770ae1,picknicker.com,resell,,,high,high,10,"TurnCommerce, Inc. DBA NameBright.com",10/08/2002 23:45,10/08/2027 23:45,26/09/2026 08:09
ad73c849-b01e-429c-ba97-528c9600b470,backwash.com,resell,,,medium,low,8,"GoDaddy.com, LLC",10/08/1997 04:00,09/08/2028 04:00,26/09/2026 04:12
ac11765d-f157-4630-845e-dadd9e54632c,jeweller.com,resell,,,high,high,8,Dynadot Inc,02/12/1998 05:00,01/12/2033 05:00,26/09/2026 07:00
1cf3b163-c893-4094-94a3-bcf61d3dd821,redevelopment.com,resell,,,medium,low,13,"GoDaddy.com, LLC",25/09/1996 04:00,24/09/2027 04:00,28/09/2026 05:35
1b3d862c-072f-472e-a100-d81abf2118ca,acrophobia.com,resell,,,medium,low,10,"CSC Corporate Domains, Inc.",09/08/1996 04:00,08/08/2027 04:00,26/09/2026 01:21
eabcd605-b551-4a8a-a374-4c92d9d6a67f,acknowledged.com,resell,,,high,low,12,"GoDaddy.com, LLC",08/05/2003 18:03,08/05/2027 18:03,26/09/2026 01:21
a192dd31-d3a3-41aa-8e0a-e70bfd9dbd28,impressionably.com,available,,,high,high,14,,,,
84b589ce-4f97-4be7-83aa-a32532df49c9,farsighted.com,resell,73887.5,19.99,medium,low,10,"GoDaddy.com, LLC",27/05/1997 04:00,26/05/2027 04:00,26/09/2026 06:01
4bc1dabc-0db8-4bf5-ab20-2098f60570dd,outweighs.com,resell,,,medium,low,9,"GoDaddy.com, LLC",28/09/2013 16:01,28/09/2027 16:01,26/09/2026 07:58
8bbf3d66-6515-4757-bdc4-3e1245cdfa5d,ultrafunky.com,resell,,,high,high,10,"Wild West Domains, LLC",12/02/2000 18:53,12/02/2027 18:53,26/09/2026 09:50
dfc00244-4dd0-4fd6-bb2a-c948f059047a,politesse.com,resell,,,high,high,9,Dynadot Inc,30/04/1999 08:45,30/04/2027 08:43,26/09/2026 08:14
fa0f5522-3949-42dc-9235-3c86da66baf5,gothish.com,resell,,,high,high,7,"Name.com, Inc.",02/04/2010 13:05,02/04/2027 13:05,26/09/2026 06:27
53554dfd-f0ec-44f2-83da-b1a8c9bf595b,permission.com,resell,,,high,low,10,"GoDaddy.com, LLC",01/02/1999 05:00,01/02/2027 05:00,26/09/2026 08:06
1899b93d-d7e1-4e39-826e-2897305acbfd,needlemaking.com,available,,,high,high,12,,,,
eacc3917-06f9-493b-a42a-002c6ede87af,unaided.com,resell,,,medium,low,7,Dynadot Inc,25/03/2004 19:13,25/03/2027 18:13,26/09/2026 09:50
3bbe5865-13ff-4746-83be-23949c7de241,absolutization.com,available,12.99,17.99,high,high,14,name.com,,,
a0e997a0-1331-4f7f-a2e5-831e3cd59490,ramsay.com,resell,,,medium,low,6,GoDaddy Online Services Cayman Islands Ltd.,01/02/1994 05:00,02/02/2028 05:00,26/09/2026 08:29
6274a234-3eb2-4285-962c-ff2241aaa936,latish.com,resell,,,medium,low,6,"GoDaddy.com, LLC",13/12/2002 10:58,13/12/2026 10:58,26/09/2026 07:09
58bd9b87-5606-4715-8939-58f830238522,rhinion.com,available,,,high,high,7,,,,
a45491a6-eb69-4944-b1fb-16659267f49a,pantheist.com,resell,,,medium,low,9,"GoDaddy.com, LLC",25/01/2004 19:31,25/01/2027 19:31,26/09/2026 08:01
b4a1c0b8-aca9-4255-a0c8-64c070c2980a,fusty.com,resell,,,low,low,5,Tucows Domains Inc.,11/01/2000 03:42,11/01/2027 03:42,26/09/2026 06:18
a87d016c-390d-4b58-bce9-180456875d46,peptic.com,resell,,,medium,low,6,"GoDaddy.com, LLC",11/01/2018 19:33,11/01/2027 19:33,26/09/2026 08:06
e9f3f072-cc8f-45cf-bc36-2a3c86521d4b,encodes.com,resell,,,medium,low,7,,,,28/09/2026 17:50
fc3c01c9-dbc0-40eb-a3fb-2a6f4f7920a6,rightful.com,resell,,,high,high,8,"GoDaddy.com, LLC",16/12/1998 05:00,16/12/2027 05:00,26/09/2026 08:41
fd837ae6-5adf-49c1-a63e-8d624dfff650,kizzuwatna.com,available,,,high,high,10,,,,
d7b39cfa-f68b-42ba-9767-fc77a5faa698,bontemps.com,resell,,,high,low,8,"GoDaddy.com, LLC",06/03/1996 05:00,07/03/2029 05:00,26/09/2026 04:32
ce9f6efa-ca51-4e7c-ae74-641f59478ab5,wispy.com,resell,,,medium,low,5,"GoDaddy.com, LLC",04/04/2004 18:24,04/04/2029 18:24,26/09/2026 10:11
7a68f7ed-2c39-47b3-b5c1-1c1bab39cc25,trimonthly.com,resell,,,high,high,10,"NameCheap, Inc.",13/07/2022 15:47,13/07/2027 15:47,26/09/2026 09:46
18f2d763-2fd7-449e-ba9d-372ccb39b678,babydom.com,resell,,,high,high,7,"GoDaddy.com, LLC",27/01/2016 19:26,27/01/2027 19:26,26/09/2026 04:11
c2e48c70-5a16-443b-a4af-aa0bcb549462,jocund.com,resell,,,medium,low,6,"GoDaddy.com, LLC",31/12/2000 15:51,31/12/2026 15:51,26/09/2026 07:00
26237858-91d6-46b1-84f2-abbf6eb11894,vcr.com,resell,,,high,high,3,"DNC Holdings, Inc.",22/05/1995 04:00,23/05/2027 04:00,26/09/2026 09:57
48a34a5c-71e0-4350-9082-4ca33b5cdfcf,brazenly.com,resell,,,medium,low,8,"GoDaddy.com, LLC",21/01/2014 19:18,21/01/2027 19:18,26/09/2026 04:36
ceba71f4-2141-4f9e-bae7-7adcfc06c6c2,midaltitude.com,available,,,high,high,11,,,,
ead64f40-5da5-4f49-a5b9-e97d66a20455,carbonatation.com,available,,,medium,low,13,,,,
eb12bb0f-f39b-404d-90c0-14fc735e0896,remembrances.com,resell,,,medium,low,12,"Gabia, Inc.",19/04/2001 10:41,19/04/2027 10:41,26/09/2026 08:35
e909729d-53ba-4f20-9946-2e3c905fde08,kildare.com,resell,,,high,high,7,Easyspace Limited,27/03/2000 20:18,27/03/2027 19:18,26/09/2026 07:05
7e59341f-4a60-4b0e-9ab1-4bebb27de27a,milkers.com,resell,,,medium,low,7,"Sea Wasp, LLC",04/02/1999 05:00,04/02/2027 05:00,26/09/2026 07:33
5f6e6d01-064b-49cb-bf64-01e18409e068,vociferously.com,resell,,,high,high,12,Dynadot Inc,18/07/2006 22:25,18/07/2027 22:25,26/09/2026 10:01
704c4c3e-974f-467e-951e-f08d402525a0,arching.com,resell,,,medium,low,7,Dynadot Inc,11/05/2026 18:29,11/05/2028 18:29,26/09/2026 03:58
eebcd816-7113-43e5-84b2-a7202f35f11a,tenderfully.com,available,,,high,high,11,,,,
8ce65a2c-2944-476c-9d33-f1fabb1852a8,norwegia.com,resell,,,high,high,8,Porkbun LLC,07/05/1999 04:11,07/05/2027 04:10,26/09/2026 07:48
ba615837-449e-43f9-8270-366826eecc5a,yank.com,resell,1149999.99,17.99,high,low,4,GoDaddy Online Services Cayman Islands Ltd.,14/12/1995 05:00,13/12/2027 05:00,26/09/2026 10:15
665862ee-60fe-430c-aa2a-e6006baf8934,taxonomise.com,available,,,high,high,10,,,,
813b8add-59cf-460a-b110-19cf52792661,buren.com,resell,,,medium,low,5,,,,27/09/2026 20:26
81ef6a03-4bb6-4bea-ae1e-c0c2be833904,referenced.com,resell,,,high,medium,10,"GoDaddy.com, LLC",18/09/1999 04:16,18/09/2027 04:16,26/09/2026 08:33
ad04684b-67df-4569-8832-45f9e21c0bcb,documental.com,resell,,,medium,low,10,"GoDaddy.com, LLC",03/01/2018 19:42,03/01/2027 19:42,26/09/2026 05:37
2962f246-bd5b-4a4f-b355-fb427d7041da,tabletlike.com,available,,,high,high,10,,,,
9adf8b1b-31a0-415f-9f0f-09e146be94c9,roadblock.com,resell,,,medium,low,9,GoDaddy Online Services Cayman Islands Ltd.,04/11/1999 11:43,04/11/2032 10:43,26/09/2026 08:42
57dcf300-21d1-4a56-802e-3d7d62e72537,lightfooted.com,resell,,,high,high,12,"TurnCommerce, Inc. DBA NameBright.com",09/07/2024 18:04,09/07/2027 18:04,26/09/2026 07:14
71663c87-b74c-45b7-87c4-069aa7a91a64,threatening.com,resell,,,medium,low,11,"Wild West Domains, LLC",30/11/1999 22:37,30/11/2026 22:37,26/09/2026 09:37
66a61884-2d3d-4708-b478-c2a3f8dc6100,voguish.com,resell,,,high,low,7,"GoDaddy.com, LLC",15/12/2003 14:55,15/12/2026 14:55,26/09/2026 10:01
528fbe3e-f3c8-407d-9ccc-32dbcca9afac,werewolf.com,resell,,,high,high,8,Tucows Domains Inc.,24/04/1995 04:00,25/04/2033 04:00,26/09/2026 10:07
70bafb15-b152-4653-8ced-a176b6939096,bangui.com,resell,,,medium,low,6,"GoDaddy.com, LLC",15/01/2002 19:34,15/01/2027 19:34,26/09/2026 04:15
a606cf9e-15e4-4643-97a0-7ed41f3ad00e,sheepsfoot.com,available,,,high,high,10,,,,
75bf9fe8-73b0-44a2-ba76-2e303311addc,leaflet.com,resell,,,high,low,7,Dynadot Inc,07/03/1999 05:00,07/03/2027 05:00,26/09/2026 07:10
3096553a-4920-4154-bfc6-f8a108159860,incubation.com,resell,,,high,low,10,GoDaddy Online Services Cayman Islands Ltd.,03/10/1996 04:00,02/10/2027 04:00,26/09/2026 06:50
6eb2197a-621e-4c1e-8837-522caff41c28,continuatives.com,available,12.99,17.99,low,low,13,name.com,,,
b04194f7-e38a-4a24-8e21-696fe9dfb5a8,obamabot.com,resell,,,high,high,8,"Spaceship, Inc.",11/08/2023 23:12,11/08/2027 23:12,26/09/2026 07:51
0800de86-90ed-41ee-acbb-e5174d877ec7,reauthorize.com,premium,,,high,high,11,"Domain.com, LLC",05/02/2001 22:06,05/02/2026 22:06,
99e1e1ab-5a4f-4826-960f-d470c8119fe1,trounce.com,resell,,,medium,low,7,"GoDaddy.com, LLC",04/12/1998 05:00,03/12/2026 05:00,26/09/2026 09:46
f8cf7b2f-c04d-4e2c-99c1-914c5a89ee91,whoopeedoo.com,resell,,,high,high,10,"TurnCommerce, Inc. DBA NameBright.com",24/07/2015 18:31,24/07/2027 18:31,26/09/2026 10:09
ba14a598-e078-4fe0-9502-88155ee58c0b,nitrogenase.com,available,,,high,high,11,,,,
fd2716c2-225a-475c-91a5-fb3dd670aca0,collaborates.com,resell,,,high,low,12,"GoDaddy.com, LLC",18/12/2000 11:41,18/12/2029 11:41,26/09/2026 05:06
c2e25304-ebbc-4fee-8727-91f570be21b3,projectingly.com,available,,,high,high,12,,,,
9ac059f1-efb1-4b78-85cf-db8e41772f20,calender.com,resell,,,high,low,8,"GoDaddy.com, LLC",15/04/1996 04:00,16/04/2030 04:00,26/09/2026 04:43
b85dd339-bffc-4059-bf28-b63f16a14789,dovish.com,resell,38178.85,19.99,medium,low,6,"GoDaddy.com, LLC",17/12/2004 19:04,17/12/2026 19:04,26/09/2026 05:40
fbfce771-f00c-47d3-a101-33937fdb9199,coastward.com,resell,,,medium,low,9,Dynadot Inc,16/05/2014 17:15,16/05/2027 17:15,26/09/2026 05:04
0999e663-840a-42d7-b3f4-d900b02519f6,revengeful.com,resell,,,medium,low,10,"Spaceship, Inc.",10/12/2002 16:15,10/12/2026 16:15,26/09/2026 08:39
950b11c5-da56-4245-aa2a-8f3843456ddc,solemness.com,available,,,high,high,9,,,,
899086a2-0885-4ca1-832a-7b22f81212a4,musicography.com,premium,,,high,high,12,Annulet LLC,29/03/2004 19:41,29/03/2026 18:41,
969f9888-c3a0-4355-9799-1bcbac63b216,creepers.com,resell,,,high,high,8,"GoDaddy.com, LLC",20/11/2000 13:33,20/11/2026 13:33,26/09/2026 05:19
87d7eb84-b91a-4464-92da-f501d346da1c,assented.com,premium,,,medium,low,8,"GoDaddy.com, LLC",25/04/2004 19:01,25/04/2026 19:01,
d7bb4224-7a47-4b69-a108-ed9cd9fa78bb,decatur.com,resell,,,high,low,7,,,,27/09/2026 03:44
3046d7a0-e32f-4718-97a1-e699827cf57a,kiseri.com,resell,,,high,high,6,"GoDaddy.com, LLC",25/04/2016 01:45,25/04/2027 01:45,26/09/2026 07:05
e0316703-116b-447c-bcc8-bf3e24225453,sphingine.com,available,10.98,18.48,medium,medium,9,namecheap,,,10/09/2026 15:32
5852941c-62a8-414e-92f8-44e94518e921,seventy.com,resell,,,medium,low,7,Atom.com Domains LLC,26/02/1997 05:00,27/02/2028 05:00,26/09/2026 08:56
52017229-a464-4467-b78d-7ea603fd194f,pretorial.com,resell,,,high,medium,9,"Spaceship, Inc.",16/11/2024 05:14,16/11/2027 05:14,26/09/2026 08:19
4342c848-e59e-43b2-92ad-847ad415d2ef,eurosceptical.com,available,,,high,high,14,,,,
7ed2b029-a55f-4ac9-a0cd-c938bb35f0a6,bedazzlements.com,available,,,low,low,13,,,,
4fc4c819-b63a-4c05-bb55-0e85169ee01e,nonportuguese.com,available,,,high,high,14,,,,
9ead234d-c161-49a1-82b8-9426910bd0a0,comprehension.com,resell,,,high,high,13,"GoDaddy.com, LLC",26/03/2002 01:04,26/03/2030 00:04,26/09/2026 05:10
af0424a0-d872-4672-b023-d96f81b17cc4,flotus.com,resell,,,high,low,6,"GoDaddy.com, LLC",26/10/2004 03:20,26/10/2027 03:20,26/09/2026 06:09
5871f2bc-1e3e-46e7-8e15-3a7d4b5ba73c,siliconlike.com,available,,,high,high,11,,,,
7509f58d-9ab6-4cc2-b4f1-2fa019096b25,shoneen.com,available,,,high,high,7,,,,
e7ce8f70-511d-4222-be17-f0d19a296a84,caponise.com,available,,,high,high,8,,,,
5172b65f-43b6-4eac-8e9d-8acdc11f104a,seamstress.com,resell,,,high,high,10,GoDaddy Online Services Cayman Islands Ltd.,24/11/1999 11:38,24/11/2027 11:38,26/09/2026 08:52
16b4dfe1-2247-4483-9400-2b743739fe8f,atsina.com,resell,,,high,high,6,"TurnCommerce, Inc. DBA NameBright.com",04/04/2009 18:28,04/04/2027 18:28,26/09/2026 04:07
d70c1155-a11b-4768-8cd1-7a3ecc0798cc,designedly.com,resell,,,medium,low,10,"Spaceship, Inc.",25/02/2010 03:59,25/02/2027 03:59,26/09/2026 05:30
4b3878df-8fd4-4b5d-bf07-f47f21288a52,confated.com,available,,,medium,low,8,,,,
4ab593b4-e80f-4733-ac12-b0f5145486b6,scientific.com,resell,,,high,low,10,"GoDaddy.com, LLC",30/03/1992 05:00,31/03/2029 04:00,28/09/2026 10:35
c0651830-9f33-4e89-9d02-fb4dc1cc8c77,choices.com,resell,,,medium,low,7,easyDNS Technologies Inc.,26/10/1997 04:00,25/10/2031 04:00,26/09/2026 04:55
5d17ded5-4eee-4514-a25f-6ba0909aff15,corded.com,resell,,,medium,low,6,"Sea Wasp, LLC",26/01/2001 11:37,26/01/2027 11:37,26/09/2026 05:15
c2c5e2cc-3615-47b3-8eb5-38e053b4903d,sustainably.com,resell,,,high,high,11,"GoDaddy.com, LLC",20/07/2000 06:14,20/07/2027 06:14,26/09/2026 09:26
3934f9d5-852e-40a2-b3fc-fdd5e366d706,stainby.com,available,,,high,high,7,,,,
70a24cb0-f2b3-4402-abd7-b774f79efe44,synthesized.com,resell,,,medium,low,11,"GoDaddy.com, LLC",23/01/2000 21:42,23/01/2027 21:42,26/09/2026 09:28
6904a735-97c4-47f8-87de-06d439ebd8d8,countercapitalism.com,available,,,high,high,17,,,,
9ba1d2d8-f577-4c93-80bd-e89eb847ac56,transpositions.com,resell,,,low,low,14,"TurnCommerce, Inc. DBA NameBright.com",31/08/1999 01:13,31/08/2027 01:13,26/09/2026 09:44
6e2574be-0855-4af6-b0a4-3fb1b0d87060,babyroussa.com,available,,,high,high,10,,,,
c2484a13-208d-4c6b-8820-7c4554850a6f,aztecan.com,resell,,,medium,low,7,Rabbitsfoot.com LLC d/b/a Oxygen.nyc,14/06/2004 18:48,14/06/2027 18:48,26/09/2026 04:11
b178afc2-c811-4d77-af92-ff696ff28dd6,partygoer.com,resell,,,high,high,9,Rabbitsfoot.com LLC d/b/a Oxygen.nyc,08/04/2002 18:31,08/04/2027 18:31,26/09/2026 08:02
258b194a-ff59-4586-bb28-83eafc6c35cf,eeducation.com,resell,,,high,high,11,Dynadot Inc,25/09/1998 04:00,24/09/2027 04:00,26/09/2026 05:46
651ab437-e0bc-47bf-ba22-23dfa429498f,helianthus.com,resell,,,high,high,10,Dynadot Inc,24/05/2005 18:07,24/05/2027 18:07,26/09/2026 06:37
4c69aea2-8ebe-44c8-b001-f26f20999494,whatchoo.com,available,,,high,high,8,,,,
bb17385b-c0b4-41f5-be1d-041fe8418d0b,amici.com,resell,253000,19.99,high,medium,5,"Sea Wasp, LLC",27/01/1996 05:00,28/01/2036 05:00,26/09/2026 03:50
2d6e13a0-1ef0-4503-801a-80a609bdbae7,korean.com,resell,,,high,low,6,"GoDaddy.com, LLC",18/06/1997 04:00,17/06/2030 04:00,26/09/2026 07:06
c8d932e2-4efc-40af-9dba-8f13967e2bc7,arachnida.com,resell,,,medium,low,9,"GoDaddy.com, LLC",26/08/1996 04:00,25/08/2027 04:00,26/09/2026 03:57
30dd17a1-41d9-4f8d-bd90-af0c1a5e4768,creamiest.com,resell,,,low,low,9,"GoDaddy.com, LLC",23/03/2004 19:11,23/03/2027 18:11,26/09/2026 05:19
95e933b5-8347-4ca2-b416-625ae09226a4,chiffoniers.com,available,17.29,17.29,low,low,11,namesilo,,,26/09/2026 04:54
023c4ef7-f22b-41b5-86ab-4ad07cc35cca,contracted.com,resell,,,medium,low,10,"TurnCommerce, Inc. DBA NameBright.com",25/05/1996 04:00,24/05/2027 04:00,26/09/2026 05:13
4439931b-f6f9-4c46-a6b8-133511c26240,skydived.com,resell,,,low,low,8,"GoDaddy.com, LLC",16/06/2011 20:47,16/06/2027 20:47,26/09/2026 09:04
580b8254-e10c-42d9-8b8c-445eeed32b88,fasts.com,resell,,,medium,low,5,"GoDaddy.com, LLC",05/08/2002 18:13,05/08/2027 18:13,26/09/2026 06:01
5d5aa189-116a-41df-8f08-ca67865ef0b2,industrialness.com,available,,,high,high,14,,,,
2aafb6a9-0b83-42f3-8044-66b1c587b231,infantile.com,resell,,,medium,low,9,"GoDaddy.com, LLC",10/12/1999 01:23,10/12/2026 01:23,26/09/2026 06:51
9328de45-f443-4739-9168-23eec4a33b9f,unwritten.com,resell,,,high,low,9,Dynadot Inc,03/04/2000 11:19,03/04/2027 11:19,26/09/2026 09:53
764a6d1e-92b6-4caa-8507-1d7c878d612e,antidermatitis.com,available,,,medium,low,14,,,,
bab11b7b-52cf-42fe-8651-1aed9f405609,released.com,resell,517500,17.99,medium,low,8,Atom.com Domains LLC,24/05/2002 18:08,24/05/2027 18:08,26/09/2026 08:35
5f2fdf83-9f89-4143-b82d-112633a61606,catarrhal.com,available,11.28,18.48,medium,low,9,namecheap,,,11/08/2026 21:09
e352e219-e02b-4e90-86bb-7835321ac1dc,syllogizer.com,resell,,,high,high,10,Dynadot Inc,06/08/2019 00:27,06/08/2027 00:27,26/09/2026 09:28
bdf498a1-fa4d-48ed-8e07-f24276d176cf,currantlike.com,available,,,high,high,11,,,,
a21818f9-2b24-4da1-a933-9d9bb1078851,midbroad.com,available,,,high,high,8,,,,
13c2b76b-0635-4bc9-9c1f-c45b56f91dbb,ausserberg.com,available,,,high,high,10,,,,
6170d5a4-3289-4fbd-84e8-3cc7a4821ffc,dustpan.com,resell,,,high,high,7,"GoDaddy.com, LLC",20/01/1998 05:00,19/01/2027 05:00,26/09/2026 05:43
a23d13ad-b1c5-4e68-b6a8-385f20769139,lesbianlike.com,available,12.99,17.99,high,high,11,name.com,,,
8a0c0296-6c10-4d92-80d3-fa109e73a29d,aquitaine.com,resell,,,medium,low,9,"GoDaddy.com, LLC",27/08/2014 18:34,27/08/2027 18:34,26/09/2026 03:57
f121ab98-9065-4fac-88f3-27a8c36013e2,dragoon.com,resell,,,high,high,7,Dynadot Inc,26/01/1999 05:00,26/01/2027 05:00,26/09/2026 05:40
7484231d-9bde-40d6-b168-eef169a2c3fb,orthodontistry.com,resell,,,low,low,14,"GoDaddy.com, LLC",14/04/1999 04:00,14/04/2028 04:00,26/09/2026 07:57
81d3bc8c-74c1-4875-8a43-819a50546921,mumu.com,resell,,,high,high,4,Atom.com Domains LLC,26/06/1996 04:00,25/06/2028 04:00,26/09/2026 07:41
ab449c21-65b0-4d12-899f-f689c47ec560,alborg.com,resell,,,medium,low,6,"GoDaddy.com, LLC",17/03/1999 05:00,17/03/2028 04:00,26/09/2026 01:28
8e26886a-cf41-4c50-8e26-ddc9671ddfef,counteradhesive.com,available,,,high,high,15,,,,
b976ce15-d02f-4871-924f-d304451e3d96,hymnodic.com,available,,,medium,low,8,,,,
36c0d347-424e-4868-8976-bbf5779605dd,psychiatristlike.com,available,,,high,high,16,,,,
f31290a3-e90b-467b-a0a3-ceccb2bddef7,soda.com,resell,,,high,low,4,"GoDaddy Corporate Domains, LLC",29/05/1997 04:00,28/05/2027 04:00,26/09/2026 09:08
ec58bc95-973c-491a-8c3d-420c0991fc60,clotheth.com,available,,,low,low,8,,,,
0b313652-4b03-43fb-96f5-e319cccc0459,letter.com,resell,,,high,low,6,"NameSilo, LLC",21/06/1995 04:00,20/06/2028 04:00,28/09/2026 06:50
211af30e-5ce0-48a8-8a4c-9e79f9cc08e0,landlines.com,resell,,,medium,low,9,"TurnCommerce, Inc. DBA NameBright.com",27/12/2001 20:40,27/12/2027 20:40,26/09/2026 07:08
bb00cd55-2d85-46c7-9f14-4175c6617235,labyrinthine.com,premium,,,high,high,12,"GoDaddy.com, LLC",01/01/2000 20:43,01/01/2026 20:43,
8f13b9df-cb6b-4034-989b-966141395774,undeterred.com,resell,,,medium,low,10,PDR Ltd. d/b/a PublicDomainRegistry.com,20/10/1999 06:15,20/10/2027 06:15,26/09/2026 09:51
960e910e-d4cf-4855-8c53-2675771e4c02,colored.com,resell,,,high,low,7,"GoDaddy.com, LLC",28/11/1999 09:22,28/11/2027 09:22,26/09/2026 05:07
3d201378-0be0-414c-8999-a7b80013a800,lifefuel.com,resell,,,high,high,8,"GoDaddy.com, LLC",29/08/2004 18:07,29/08/2027 18:07,26/09/2026 07:13
e673f865-7139-44fe-9325-636c154efe45,seagoing.com,resell,,,medium,low,8,"NameCheap, Inc.",04/08/2017 18:39,04/08/2027 18:39,26/09/2026 08:52
3388b7f0-731a-46eb-a8a8-d0a734e3310c,aryan.com,resell,,,high,high,5,Tirupati Domains and Hosting Pvt Ltd.,07/02/2000 11:35,07/02/2027 11:35,26/09/2026 04:03
5af90855-e091-4122-92de-ead81b474a10,retouched.com,resell,,,medium,low,9,Rabbitsfoot.com LLC d/b/a Oxygen.nyc,12/01/2005 19:13,12/01/2027 19:13,26/09/2026 08:39
f976554a-7e6d-4e71-897f-0b07a67d4ea5,stability.com,resell,,,high,low,9,"NameSilo, LLC",26/06/1997 04:00,25/06/2032 04:00,26/09/2026 09:15
538de45b-0b04-40cf-852b-a22f8bf4d7a9,counteractivity.com,available,,,high,high,15,,,,
f95541a2-1966-4aa6-811b-0ba1c6547d46,torchmaking.com,available,,,medium,low,11,,,,
a8995ba7-94e5-44fc-ac10-8d7c7b030a13,accumulate.com,resell,,,high,low,10,Atom.com Domains LLC,03/07/1997 04:00,02/07/2031 04:00,26/09/2026 01:20
582398c7-adec-46ed-91b4-6978a9ba1ac9,foxily.com,resell,,,medium,low,6,"GoDaddy.com, LLC",18/02/2004 03:19,18/02/2027 03:19,26/09/2026 06:13
644fd127-3aea-46e7-9000-4854f5d0ccda,unformatted.com,resell,,,high,high,11,"GoDaddy.com, LLC",19/05/2000 10:56,19/05/2027 10:56,26/09/2026 09:51
1907e2f7-f016-4e27-b2bb-b6a85769b8d5,affine.com,resell,,,high,low,6,"GoDaddy.com, LLC",14/05/1996 04:00,15/05/2029 04:00,26/09/2026 01:25
705701cd-aa9e-4777-9b4f-2ba27ec91a8a,profited.com,resell,,,high,low,8,"GoDaddy.com, LLC",10/08/2000 10:36,10/08/2027 10:36,26/09/2026 08:21
d07200ca-6f8d-48b2-9aa9-f160e60ee000,contriving.com,resell,,,high,high,10,Dynadot Inc,21/06/2005 18:24,21/06/2027 18:24,26/09/2026 05:14
cf30f414-2603-4ce4-a233-62f99bcf3db6,vehement.com,resell,,,medium,low,8,"Gabia, Inc.",09/08/2000 10:44,09/08/2027 10:44,26/09/2026 09:57
c0248b27-8492-4058-968f-6a3262b4a77f,suffers.com,resell,,,low,low,7,,,,28/09/2026 17:03
35eb3a56-0b77-4b24-b165-c89d4be52fae,boddhisattva.com,available,12.99,17.99,high,high,12,name.com,,,
edf76d2e-b654-4b45-b2de-90bdc89be85a,sitalpatti.com,available,,,high,high,10,,,,
a6634b43-242c-4249-9705-7b1db34995ea,earphone.com,resell,,,high,high,8,"Sea Wasp, LLC",13/10/1998 04:00,12/10/2027 04:00,26/09/2026 05:44
f4d1a26d-fb45-4ad2-ba51-9c827bf5a5b3,whitesmith.com,resell,,,high,high,10,"NameSilo, LLC",16/05/2004 19:11,16/05/2027 19:11,26/09/2026 10:09
26d1a5b4-b407-4696-9f67-f96e14509c21,enthrall.com,resell,,,high,high,8,"GoDaddy.com, LLC",02/09/1999 23:46,02/09/2027 23:46,26/09/2026 05:51
4442a127-7fa8-4aff-8178-4f0a8b329b43,nonreligious.com,resell,,,medium,low,12,Moniker Online Services LLC,23/12/1999 13:51,23/12/2026 13:51,26/09/2026 07:48
9c29a532-a951-463f-bf54-e721f5d28faf,pipeworker.com,premium,,,high,high,10,Annulet LLC,21/05/2006 14:29,21/05/2026 14:29,
76aefccf-5c0e-4051-88ac-f3de295df92d,shippability.com,available,,,high,high,12,,,,